Código NCM,Países,2014,2015,2016,2017,2018,2019,2020,2021,2022,2023,2024,2025
07129090,Angola,0,731,0,0,0,0,0,0,0,0,2985,0
07129090,Cabo Verde,0,0,0,0,0,0,0,0,0,0,0,0
07129090,Guiné-Bissau,0,0,0,0,0,0,0,0,0,0,0,0
07129090,Moçambique,0,0,0,0,0,0,0,0,0,0,0,0
07129090,São Tomé e Príncipe,0,0,0,0,0,0,0,0,0,0,0,0
08011100,Angola,0,1736,4315,5336,4938,5691,27942,6026,30087,0,4452,6701
08011100,Cabo Verde,0,0,1371,0,690,2826,1006,0,0,1534,0,0
08011100,Guiné-Bissau,0,0,0,0,0,0,0,0,0,0,0,0
08011100,Moçambique,967,0,0,0,0,0,0,0,0,0,0,0
08011100,São Tomé e Príncipe,0,0,0,0,0,0,0,0,0,0,0,0
09041100,Angola,1199,0,0,0,0,0,0,0,0,0,0,0
09041100,Cabo Verde,0,0,0,0,0,0,0,0,0,0,0,0
09041100,Guiné-Bissau,0,0,0,0,0,0,0,0,0,0,0,0
09041100,Moçambique,0,0,0,0,0,0,0,0,0,0,0,0
09041100,São Tomé e Príncipe,0,0,0,0,0,0,0,0,0,0,0,0
09041200,Angola,74564,7691,0,0,0,0,1547,1708,5372,2140,0,0
09041200,Cabo Verde,0,0,0,0,0,0,0,0,0,0,0,0
09041200,Guiné-Bissau,0,0,0,0,0,0,0,0,0,0,0,0
09041200,Moçambique,0,0,0,0,0,0,0,0,0,0,0,0
09041200,São Tomé e Príncipe,0,0,0,0,0,0,0,0,0,0,0,0
09042200,Angola,0,0,0,0,0,0,0,0,0,0,0,0
09042200,Cabo Verde,0,0,0,0,0,0,0,0,0,0,0,0
09042200,Guiné-Bissau,0,0,0,0,0,0,0,0,0,0,0,0
09042200,Moçambique,0,0,0,0,0,0,0,0,0,0,0,0
09042200,São Tomé e Príncipe,0,0,0,0,0,0,0,0,0,0,0,0
09061100,Angola,0,0,0,0,0,0,0,537,570,0,0,0
09061100,Cabo Verde,0,0,0,0,0,0,0,0,0,0,0,0
09061100,Guiné-Bissau,0,0,0,0,0,0,0,0,0,0,0,0
09061100,Moçambique,0,0,0,0,0,0,0,0,0,0,0,0
09061100,São Tomé e Príncipe,0,0,0,0,0,0,0,0,0,0,0,0
09062000,Angola,4100,3006,0,0,0,0,0,0,3583,2012,0,0
09062000,Cabo Verde,0,0,0,0,0,0,0,0,0,0,0,0
09062000,Guiné-Bissau,0,0,0,0,0,0,0,0,0,0,0,0
09062000,Moçambique,0,0,0,0,0,0,0,0,0,0,0,0
09062000,São Tomé e Príncipe,0,0,0,0,0,0,0,0,0,0,0,0
09071000,Angola,0,0,0,0,0,0,0,0,0,0,0,0
09071000,Cabo Verde,0,0,0,0,0,0,0,0,0,0,0,0
09071000,Guiné-Bissau,0,0,0,0,0,0,0,0,0,0,0,0
09071000,Moçambique,0,0,0,0,0,0,0,0,0,0,0,0
09071000,São Tomé e Príncipe,0,0,0,0,0,0,0,0,0,0,0,0
09081100,Angola,0,892,0,0,0,0,0,0,0,0,0,0
09081100,Cabo Verde,0,0,0,0,0,0,0,0,0,0,0,0
09081100,Guiné-Bissau,0,0,0,0,0,0,0,0,0,0,0,0
09081100,Moçambique,0,0,0,0,0,0,0,0,0,0,0,0
09081100,São Tomé e Príncipe,0,0,0,0,0,0,0,0,0,0,0,0
09081200,Angola,0,0,0,0,0,0,0,0,0,0,0,0
09081200,Cabo Verde,0,0,0,0,0,0,0,0,0,0,0,0
09081200,Guiné-Bissau,0,0,0,0,0,0,0,0,0,0,0,0
09081200,Moçambique,0,0,0,0,0,0,0,0,0,0,0,0
09081200,São Tomé e Príncipe,0,0,0,0,0,0,0,0,0,0,0,0
09092100,Angola,0,0,0,0,932,1104,0,0,568,0,0,0
09092100,Cabo Verde,0,0,0,0,0,0,0,0,0,0,0,0
09092100,Guiné-Bissau,0,0,0,0,0,0,0,0,0,0,0,0
09092100,Moçambique,0,0,0,0,0,0,0,0,0,0,0,0
09092100,São Tomé e Príncipe,0,0,0,0,0,0,0,0,0,0,0,0
09096110,Angola,0,0,0,0,0,0,0,0,852,0,0,0
09096110,Cabo Verde,0,0,0,529,0,1144,975,0,0,0,0,0
09096110,Guiné-Bissau,0,0,0,0,0,0,0,0,0,0,0,0
09096110,Moçambique,0,0,0,0,0,0,584,0,0,0,0,0
09096110,São Tomé e Príncipe,0,0,0,0,0,0,0,0,0,0,0,0
09096120,Angola,0,0,0,0,0,0,0,0,0,0,0,0
09096120,Cabo Verde,0,0,0,0,0,0,0,0,0,0,0,0
09096120,Guiné-Bissau,0,0,0,0,0,0,0,0,0,0,0,0
09096120,Moçambique,0,0,0,0,0,0,0,0,0,0,0,0
09096120,São Tomé e Príncipe,0,0,0,0,0,0,0,0,0,0,0,0
09101200,Angola,0,508,0,0,0,0,0,0,0,0,0,0
09101200,Cabo Verde,0,0,0,0,0,0,0,0,0,0,0,0
09101200,Guiné-Bissau,0,0,0,0,0,0,0,0,0,0,0,0
09101200,Moçambique,0,0,0,0,0,0,0,0,0,0,0,0
09101200,São Tomé e Príncipe,0,0,0,0,0,0,0,0,0,0,0,0
09103000,Angola,0,685,0,0,0,0,0,0,0,0,0,0
09103000,Cabo Verde,0,0,0,0,0,0,0,0,0,0,0,0
09103000,Guiné-Bissau,0,0,0,0,0,0,0,0,0,0,0,0
09103000,Moçambique,0,0,0,0,0,0,0,0,0,0,0,0
09103000,São Tomé e Príncipe,0,0,0,0,0,0,0,0,0,0,0,0
09109900,Angola,8954,3774,1638,1241,0,0,512,1226,1180,0,0,0
09109900,Cabo Verde,0,0,0,0,0,0,0,0,0,0,0,0
09109900,Guiné-Bissau,0,0,0,0,0,0,0,0,0,0,0,0
09109900,Moçambique,0,0,0,0,0,0,0,0,0,0,0,0
09109900,São Tomé e Príncipe,0,0,0,0,0,0,0,0,0,0,0,0
11029000,Angola,2458,929,1068,0,974,0,1562,1543,0,0,0,0
11029000,Cabo Verde,0,936,0,545,0,0,0,0,0,857,878,0
11029000,Guiné-Bissau,0,0,0,0,0,0,0,0,0,0,0,0
11029000,Moçambique,0,522,0,0,0,0,0,0,0,0,0,0
11029000,São Tomé e Príncipe,0,0,0,0,0,0,0,0,0,0,0,0
11041200,Angola,17218,6875,3640,3379,693,0,7540,7759,648,0,0,0
11041200,Cabo Verde,2043,7571,2020,2092,0,0,831,1647,627,2744,3474,1769
11041200,Guiné-Bissau,0,0,0,0,0,0,0,0,0,0,0,0
11041200,Moçambique,0,1820,0,0,0,0,0,0,0,969,0,0
11041200,São Tomé e Príncipe,0,0,0,0,0,0,0,0,0,0,0,0
11081200,Angola,26256,1466,15641,4113,3758,4206,2105,2389,5261,6295,0,0
11081200,Cabo Verde,0,0,0,0,0,0,0,0,0,0,0,0
11081200,Guiné-Bissau,0,0,0,0,0,0,0,0,0,0,0,0
11081200,Moçambique,0,1350,0,0,0,0,0,0,0,725,0,0
11081200,São Tomé e Príncipe,0,0,0,0,0,0,0,0,0,0,0,0
12040090,Angola,2357,0,0,0,747,0,0,0,0,0,0,0
12040090,Cabo Verde,552,523,0,0,0,0,0,0,0,0,0,0
12040090,Guiné-Bissau,0,0,0,0,0,0,0,0,0,0,0,0
12040090,Moçambique,0,0,0,0,0,0,0,0,0,0,0,0
12040090,São Tomé e Príncipe,0,0,0,0,0,0,0,0,0,0,0,0
12079990,Angola,1144,0,0,0,1524,1410,562,679,1550,0,0,0
12079990,Cabo Verde,0,0,0,0,0,0,0,0,0,0,0,0
12079990,Guiné-Bissau,0,0,0,0,0,0,0,0,0,0,0,0
12079990,Moçambique,0,0,0,0,0,0,0,0,0,0,0,0
12079990,São Tomé e Príncipe,0,0,0,0,0,0,0,0,0,0,0,0
12119090,Angola,101228,0,16393,5980,8105,16839,0,9350,60086,1815,0,671
12119090,Cabo Verde,0,0,1956,1147,994,4067,5009,948,3568,1152,1474,5824
12119090,Guiné-Bissau,0,0,0,0,0,0,0,0,0,0,0,0
12119090,Moçambique,12958,15819,16521,15136,31050,25833,62525,0,41247,34407,20249,65692
12119090,São Tomé e Príncipe,0,0,0,0,0,0,0,0,0,0,0,0
17019100,Angola,8105,0,0,0,0,1146,0,0,0,0,0,0
17019100,Cabo Verde,0,0,0,0,0,0,2707,0,0,0,0,509
17019100,Guiné-Bissau,0,0,0,0,0,0,0,0,0,0,0,0
17019100,Moçambique,0,0,0,0,0,5782,8303,1830,558,0,0,0
17019100,São Tomé e Príncipe,0,0,0,0,0,0,0,0,0,0,0,0
17019900,Angola,177695553,81107917,115705438,192480479,92830641,116149443,66194523,39640529,106901320,31697089,111253262,122025306
17019900,Cabo Verde,6397773,4735132,6216235,7123372,2994116,3436008,3555219,4357672,4507521,6312071,8612916,5050904
17019900,Guiné-Bissau,1091946,901397,618935,1285907,911406,923120,1546544,252447,226157,362765,544475,870370
17019900,Moçambique,0,687118,123201,0,0,1778,2647,133632,809,711814,0,414674
17019900,São Tomé e Príncipe,0,47351,140098,776829,283153,616785,885386,1296390,1165326,1293790,1913292,1383827
17049020,Angola,2388329,996562,489249,1829186,1607075,1064922,990143,1303215,1858759,2197417,712183,376909
17049020,Cabo Verde,75288,148102,46785,166249,121459,180259,73763,197337,161336,254449,331210,111589
17049020,Guiné-Bissau,0,0,0,0,0,0,0,0,0,0,0,0
17049020,Moçambique,465031,237565,15130,66735,27845,290006,205451,480663,217290,116410,202983,106936
17049020,São Tomé e Príncipe,0,12491,2102,6313,18078,91191,59394,50801,146309,162633,125946,137538
18050000,Angola,1298,0,0,0,0,0,0,617,0,570,133960,0
18050000,Cabo Verde,0,0,0,0,0,0,0,0,0,885,0,0
18050000,Guiné-Bissau,0,0,0,0,0,0,0,0,0,0,0,0
18050000,Moçambique,0,0,0,0,0,1451,1271,847,2418,0,0,0
18050000,São Tomé e Príncipe,0,0,0,0,0,0,0,0,0,0,0,0
18061000,Angola,10468,4434,2568,2177,11684,19383,14357,12009,1787,1867,1596,1355
18061000,Cabo Verde,2475,0,0,3534,0,0,0,0,2184,4897,0,0
18061000,Guiné-Bissau,0,0,0,0,0,0,0,0,0,0,0,0
18061000,Moçambique,1238,0,0,0,0,4434,5570,3748,8367,0,0,0
18061000,São Tomé e Príncipe,0,0,0,0,0,0,0,28900,0,0,0,0
18069000,Angola,3927607,638449,213581,427098,206040,208584,225417,116877,149199,118956,35614,49574
18069000,Cabo Verde,19039,44313,31723,60225,26766,33048,40477,54661,42210,129229,26378,32275
18069000,Guiné-Bissau,40858,0,0,0,0,0,0,0,0,0,637,0
18069000,Moçambique,18113,13443,0,11300,6050,79039,41453,21587,8585,11616,6847,11280
18069000,São Tomé e Príncipe,0,13070,10356,638,0,0,0,0,0,0,0,0
19012090,Angola,0,0,0,0,0,0,0,0,0,0,725,1747
19012090,Cabo Verde,0,0,0,0,0,0,0,0,0,0,4204,12301
19012090,Guiné-Bissau,0,0,0,0,0,0,0,0,0,0,0,0
19012090,Moçambique,0,0,0,0,0,0,0,0,0,0,1230,1765
19012090,São Tomé e Príncipe,0,0,0,0,0,0,0,0,0,0,0,0
19019090,Angola,68624,43189,10618,32041,23005,3073,5552,3350,37151,5154,67001,149757
19019090,Cabo Verde,0,7591,0,5717,33730,0,583,0,89372,301240,45313,459115
19019090,Guiné-Bissau,0,0,0,0,0,0,39223,98982,175452,63522,128027,0
19019090,Moçambique,0,5970,0,0,4005,9275,9854,0,1859,8699,5520,891
19019090,São Tomé e Príncipe,0,573,3489,0,0,0,0,0,0,0,0,0
19021900,Angola,53877,80162,764755,39516,12318,6311,8153,8661,25520,30641,0,824
19021900,Cabo Verde,161284,14221,8417,25351,24637,24776,49438,19391,49792,63699,64015,48531
19021900,Guiné-Bissau,1826,0,0,0,0,0,0,1714,0,0,0,0
19021900,Moçambique,17934,3141,1193,29413,8088,9141,10544,19936,15260,24679,2934,20209
19021900,São Tomé e Príncipe,0,0,0,0,0,0,0,0,0,0,0,0
19023000,Angola,11680,10380,7996,4487,8530,7593,7507,3400,23182,14689,5486,6473
19023000,Cabo Verde,26861,35199,47289,79222,35520,29991,35069,28312,62063,137022,28018,101400
19023000,Guiné-Bissau,0,0,9300,0,0,0,0,0,0,0,0,0
19023000,Moçambique,1860,2952,0,2760,0,0,613,0,0,0,0,0
19023000,São Tomé e Príncipe,0,0,0,0,0,0,0,0,0,0,0,0
19030000,Angola,4911,5095,2016,1802,33465,11966,0,0,2473,5004,10511,8340
19030000,Cabo Verde,0,0,0,1601,0,0,19200,0,2100,966,0,0
19030000,Guiné-Bissau,0,0,0,0,0,0,0,0,0,0,0,0
19030000,Moçambique,0,0,0,0,3230,1930,3915,0,0,6880,0,0
19030000,São Tomé e Príncipe,0,0,0,0,0,0,0,0,0,0,0,0
19041000,Angola,179544,125429,221752,55842,25648,1995,12300,751,38847,30890,0,1806
19041000,Cabo Verde,4712,9453,0,2724,11526,3588,768,3344,804,13123,16179,8608
19041000,Guiné-Bissau,0,0,0,0,0,0,0,0,0,0,0,0
19041000,Moçambique,0,0,0,0,0,9350,17410,6140,8429,11935,886,0
19041000,São Tomé e Príncipe,0,0,0,1782,0,0,0,0,0,20498,0,0
20052000,Angola,46632,17796,13002,6570,9657,2926,1683,1091,9340,2134,979,1769
20052000,Cabo Verde,5579,8791,0,1046,0,1212,0,0,0,0,10230,33147
20052000,Guiné-Bissau,0,0,0,0,0,0,0,0,0,0,0,0
20052000,Moçambique,0,10576,0,0,2262,6423,4852,6193,1197,9083,0,0
20052000,São Tomé e Príncipe,0,0,0,640,0,0,0,0,0,0,0,0
20059900,Angola,1809068,1299845,1461722,425548,687178,2798,0,267315,130658,0,3271,96561
20059900,Cabo Verde,2670,3884,9006,10802,0,786,2797,2127,7134,5794,32623,0
20059900,Guiné-Bissau,0,0,0,0,0,0,0,0,0,0,0,0
20059900,Moçambique,0,912,0,0,0,0,0,0,0,0,0,0
20059900,São Tomé e Príncipe,0,0,760,0,0,9910,0,0,0,0,0,0
20098990,Angola,103515,72636,184372,17102,114656,62074,36452,8622,63319,1869,13456,66412
20098990,Cabo Verde,60699,21870,61060,50556,77532,73526,69755,99908,128371,124934,179057,226939
20098990,Guiné-Bissau,0,0,0,0,0,0,0,0,0,0,0,0
20098990,Moçambique,0,0,0,0,0,11938,608,1815,204108,167366,356632,165000
20098990,São Tomé e Príncipe,0,0,0,0,0,0,0,0,0,0,0,0
21021090,Angola,2957,851,2443,0,56679,0,4682,2211,22761,781,12152,2933
21021090,Cabo Verde,0,0,0,0,0,0,527,0,0,3148,0,0
21021090,Guiné-Bissau,0,0,0,0,0,0,0,0,0,0,0,0
21021090,Moçambique,0,0,0,0,0,0,0,0,0,0,0,0
21021090,São Tomé e Príncipe,0,0,0,0,0,0,0,0,0,0,0,0
21023000,Angola,2165,0,52333,39067,35136,5685,19518,8882,2174,0,0,0
21023000,Cabo Verde,0,0,0,719,0,0,0,0,0,0,0,0
21023000,Guiné-Bissau,0,0,0,0,0,0,0,0,0,0,0,0
21023000,Moçambique,0,0,0,0,0,0,0,0,0,0,0,0
21023000,São Tomé e Príncipe,0,0,0,0,0,0,0,0,0,0,0,0
21039021,Angola,1192609,272213,419033,598581,153544,166953,113320,64648,87010,64327,50608,49656
21039021,Cabo Verde,13905,27701,20251,11813,6150,18990,8029,17660,13289,4571,9044,10056
21039021,Guiné-Bissau,0,0,0,0,0,0,0,0,0,0,0,0
21039021,Moçambique,8116,11351,0,0,8815,4143,4911,0,0,2418,0,0
21039021,São Tomé e Príncipe,0,0,0,2544,0,0,0,0,0,0,0,0
21039029,Angola,3223,1322,0,0,0,0,0,0,0,0,148567,851720
21039029,Cabo Verde,0,0,572,0,0,0,0,0,0,0,0,0
21039029,Guiné-Bissau,0,0,0,0,0,0,0,0,0,0,0,0
21039029,Moçambique,0,0,0,0,0,0,0,0,0,0,0,1318
21039029,São Tomé e Príncipe,0,0,0,0,0,0,0,0,0,0,0,0
21041011,Angola,1314984,998620,801129,877998,723521,337096,2028,2818,108523,0,0,0
21041011,Cabo Verde,14527,9748,8840,3966,4696,0,1347,7695,2115,4262,1572,2634
21041011,Guiné-Bissau,0,0,0,0,0,0,0,0,0,0,0,0
21041011,Moçambique,0,0,0,0,0,0,0,0,0,2456,0,0
21041011,São Tomé e Príncipe,0,0,0,0,0,0,0,0,0,0,0,0
21041019,Angola,42706,0,10891,966,0,0,0,0,0,0,0,0
21041019,Cabo Verde,0,2434,0,0,0,0,0,0,0,0,0,0
21041019,Guiné-Bissau,0,0,0,0,0,0,0,0,0,0,0,0
21041019,Moçambique,0,0,0,0,0,0,0,0,0,0,0,0
21041019,São Tomé e Príncipe,0,0,0,0,0,0,0,0,0,0,0,0
21069010,Angola,99131,10591,40485,27730,34180,38970,16299,36672,198736,52516,6096,2184
21069010,Cabo Verde,568113,521221,984814,683553,913867,832520,879213,571938,292866,492400,354556,62861
21069010,Guiné-Bissau,0,0,16502,0,0,0,0,0,0,0,0,0
21069010,Moçambique,0,0,0,0,2946,0,0,1410,0,0,0,0
21069010,São Tomé e Príncipe,0,0,0,0,22179,0,0,0,0,0,0,0
21069021,Angola,1456,14139,3632,3260,7416,4597,13759,0,0,0,0,0
21069021,Cabo Verde,0,0,0,1364,0,0,1097,0,0,764,0,0
21069021,Guiné-Bissau,0,0,0,0,0,0,0,0,0,0,0,0
21069021,Moçambique,2238,0,0,0,0,0,0,0,0,0,0,0
21069021,São Tomé e Príncipe,0,0,0,0,0,0,0,0,0,0,0,0
21069029,Angola,506102,217419,18736,57830,85453,68301,21227,39929,34564,50431,39498,4149
21069029,Cabo Verde,68028,81433,84261,61256,25699,80575,61242,38523,36047,41500,20559,17550
21069029,Guiné-Bissau,0,0,0,0,0,1364,0,0,0,0,0,0
21069029,Moçambique,56729,34819,18301,18834,9196,10774,16793,5013,3426,951,1578,0
21069029,São Tomé e Príncipe,0,0,0,0,0,0,0,0,0,0,0,0
28363000,Angola,1488,804,0,2957,5436,1445,0,1432,1171,2224,1297,871
28363000,Cabo Verde,0,0,0,0,0,0,0,0,0,0,0,0
28363000,Guiné-Bissau,0,0,0,0,0,0,0,0,0,0,0,0
28363000,Moçambique,0,0,0,0,1196,0,0,0,0,0,0,0
28363000,São Tomé e Príncipe,0,0,0,0,0,0,0,0,0,0,0,0
28369913,Angola,0,0,0,0,0,0,0,0,0,0,0,0
28369913,Cabo Verde,0,0,0,0,0,0,0,0,0,0,0,0
28369913,Guiné-Bissau,0,0,0,0,0,0,0,0,0,0,0,0
28369913,Moçambique,0,0,0,0,0,0,0,0,0,0,0,0
28369913,São Tomé e Príncipe,0,0,0,0,0,0,0,0,0,0,0,0
35030019,Angola,0,0,4851,0,0,0,0,0,0,0,0,0
35030019,Cabo Verde,0,0,0,614,0,0,0,0,0,0,0,0
35030019,Guiné-Bissau,0,0,0,0,0,0,0,0,0,0,0,0
35030019,Moçambique,0,0,0,0,0,0,0,0,0,0,0,0
35030019,São Tomé e Príncipe,0,0,0,0,0,0,0,0,0,0,0,0
