Ano;Código NCM;Descrição NCM;Países;Valor US$ FOB;Quilograma Líquido
2025;17019900;Outros açúcares de cana, beterraba, sacarose químicamente pura, sol.;Angola;122025306;260663908
2025;17019900;Outros açúcares de cana, beterraba, sacarose químicamente pura, sol.;Cabo Verde;5050904;11062770
2025;17019900;Outros açúcares de cana, beterraba, sacarose químicamente pura, sol.;São Tomé e Príncipe;1383827;2970000
2025;17019900;Outros açúcares de cana, beterraba, sacarose químicamente pura, sol.;Guiné-Bissau;870370;1772000
2025;21039029;Outros condimentos e temperos, compostos;Angola;851720;254456
2025;19019090;Outras preparações alimentícias de farinhas, etc, cacau < 40%;Cabo Verde;459115;263707
2025;17019900;Outros açúcares de cana, beterraba, sacarose químicamente pura, sol.;Moçambique;414674;833000
2025;17049020;Caramelos, confeitos, dropes, pastilhas, e produtos semelhantes, sem cacau;Angola;376909;251150
2025;20098990;Sucos (sumo) de outras frutas, não fermentado, sem adição de açúcar;Cabo Verde;226939;171201
2025;20098990;Sucos (sumo) de outras frutas, não fermentado, sem adição de açúcar;Moçambique;165000;150000
2025;19019090;Outras preparações alimentícias de farinhas, etc, cacau < 40%;Angola;149757;103119
2025;17049020;Caramelos, confeitos, dropes, pastilhas, e produtos semelhantes, sem cacau;São Tomé e Príncipe;137538;75347
2025;17049020;Caramelos, confeitos, dropes, pastilhas, e produtos semelhantes, sem cacau;Cabo Verde;111589;48592
2025;17049020;Caramelos, confeitos, dropes, pastilhas, e produtos semelhantes, sem cacau;Moçambique;106936;62712
2025;19023000;Outras massas alimentícias;Cabo Verde;101400;60990
2025;20059900;Outros produtos hortícolas, preparados ou conservados, exceto em vinagre ou em ácido acético, não congelados;Angola;96561;113400
2025;20098990;Sucos (sumo) de outras frutas, não fermentado, sem adição de açúcar;Angola;66412;46644
2025;12119090;Outras plantas e partes, para perfumaria, medicina e semelhantes;Moçambique;65692;1248
2025;21069010;Outras preparações para elaboração de bebidas;Cabo Verde;62861;37320
2025;21039021;Condimentos e temperos, compostos, em embalagens imediatas de conteúdo inferior ou igual a 1 kg;Angola;49656;47240
2025;18069000;Outros chocolates e preparações alimentícias contendo cacau;Angola;49574;17566
2025;19021900;Outras massas alimentícias não cozidas, nem recheadas, nem preparadas de outro modo;Cabo Verde;48531;49783
2025;20052000;Batatas, preparados ou conservados, exceto em vinagre ou em ácido acético, não congelados;Cabo Verde;33147;4585
2025;18069000;Outros chocolates e preparações alimentícias contendo cacau;Cabo Verde;32275;8505
2025;19021900;Outras massas alimentícias não cozidas, nem recheadas, nem preparadas de outro modo;Moçambique;20209;16180
2025;21069029;Pós para preparações de cremes, sorvetes, flans, gelatinas ou preparações similares;Cabo Verde;17550;2700
2025;19012090;Outras misturas e pastas para a preparação de produtos de padaria, pastelaria e da indústria de bolachas e biscoitos, da posição 19.05;Cabo Verde;12301;7520
2025;18069000;Outros chocolates e preparações alimentícias contendo cacau;Moçambique;11280;3984
2025;21039021;Condimentos e temperos, compostos, em embalagens imediatas de conteúdo inferior ou igual a 1 kg;Cabo Verde;10056;2536
2025;19041000;Produtos à base de cereais, obtidos por expansão ou por torrefação;Cabo Verde;8608;1657
2025;19030000;Tapioca e seus sucedâneos preparados a partir de féculas, em flocos, grumos, grãos, pérolas ou formas semelhantes;Angola;8340;3700
2025;08011100;Cocos, frescos ou secos, dessecados;Angola;6701;1380
2025;19023000;Outras massas alimentícias;Angola;6473;4675
2025;12119090;Outras plantas e partes, para perfumaria, medicina e semelhantes;Cabo Verde;5824;800
2025;21069029;Pós para preparações de cremes, sorvetes, flans, gelatinas ou preparações similares;Angola;4149;500
2025;21021090;Outras leveduras vivas;Angola;2933;8
2025;21041011;Preparações para caldos e sopas, em embalagens imediatas de conteúdo inferior ou igual a 1 kg;Cabo Verde;2634;482
2025;21069010;Outras preparações para elaboração de bebidas;Angola;2184;364
2025;19041000;Produtos à base de cereais, obtidos por expansão ou por torrefação;Angola;1806;322
2025;11041200;Grãos de aveia, esmagados ou em flocos;Cabo Verde;1769;939
2025;20052000;Batatas, preparados ou conservados, exceto em vinagre ou em ácido acético, não congelados;Angola;1769;270
2025;19012090;Outras misturas e pastas para a preparação de produtos de padaria, pastelaria e da indústria de bolachas e biscoitos, da posição 19.05;Moçambique;1765;864
2025;19012090;Outras misturas e pastas para a preparação de produtos de padaria, pastelaria e da indústria de bolachas e biscoitos, da posição 19.05;Angola;1747;1162
2025;18061000;Cacau em pó, com adição de açúcar ou outros edulcorantes;Angola;1355;299
2025;21039029;Outros condimentos e temperos, compostos;Moçambique;1318;464
2025;19019090;Outras preparações alimentícias de farinhas, etc, cacau < 40%;Moçambique;891;840
2025;28363000;Hidrogenocarbonato (bicarbonato) de sódio;Angola;871;338
2025;19021900;Outras massas alimentícias não cozidas, nem recheadas, nem preparadas de outro modo;Angola;824;720
2025;12119090;Outras plantas e partes, para perfumaria, medicina e semelhantes;Angola;671;23
2025;17019100;Outros açúcares de cana, beterraba, com aromatizante corante;Cabo Verde;509;114
2025;09092100;Sementes de coentro, não trituradas nem em pó;Angola;360;3
2025;08011100;Cocos, frescos ou secos, dessecados;Cabo Verde;206;48
2025;12119090;Outras plantas e partes, para perfumaria, medicina e semelhantes;Guiné-Bissau;206;2
2025;20052000;Batatas, preparados ou conservados, exceto em vinagre ou em ácido acético, não congelados;São Tomé e Príncipe;203;5
2025;19030000;Tapioca e seus sucedâneos preparados a partir de féculas, em flocos, grumos, grãos, pérolas ou formas semelhantes;Cabo Verde;189;60
2025;18061000;Cacau em pó, com adição de açúcar ou outros edulcorantes;Cabo Verde;181;90
2025;21069029;Pós para preparações de cremes, sorvetes, flans, gelatinas ou preparações similares;Moçambique;159;15
2025;19023000;Outras massas alimentícias;São Tomé e Príncipe;151;24
2025;21039021;Condimentos e temperos, compostos, em embalagens imediatas de conteúdo inferior ou igual a 1 kg;Guiné-Bissau;143;2
2025;20059900;Outros produtos hortícolas, preparados ou conservados, exceto em vinagre ou em ácido acético, não congelados;Cabo Verde;131;40
2025;18069000;Outros chocolates e preparações alimentícias contendo cacau;São Tomé e Príncipe;127;4
2025;17019100;Outros açúcares de cana, beterraba, com aromatizante corante;São Tomé e Príncipe;106;80
2025;09041200;Pimenta (do gênero Piper), triturada ou em pó;São Tomé e Príncipe;99;11
2025;07129090;"Outros produtos hortícolas; misturas de produtos hortícolas, secos, inclusive pedaços, fatias, etc";Moçambique;99;6
2025;21039021;Condimentos e temperos, compostos, em embalagens imediatas de conteúdo inferior ou igual a 1 kg;São Tomé e Príncipe;95;15
2025;20098990;Sucos (sumo) de outras frutas, não fermentado, sem adição de açúcar;Guiné-Bissau;86;20
2025;09109900;Outras especiarias;Guiné-Bissau;75;10
2025;19021900;Outras massas alimentícias não cozidas, nem recheadas, nem preparadas de outro modo;Guiné-Bissau;73;4
2025;21069010;Outras preparações para elaboração de bebidas;São Tomé e Príncipe;56;4
2025;18050000;Cacau em pó, sem adição de açúcar ou outros edulcorantes;Angola;43;1
2025;19023000;Outras massas alimentícias;Guiné-Bissau;42;6
2025;09041200;Pimenta (do gênero Piper), triturada ou em pó;Guiné-Bissau;42;3
2025;09096120;Sementes de badiana (anis-estrelado), não triturado nem em pó;São Tomé e Príncipe;31;1
2025;19021900;Outras massas alimentícias não cozidas, nem recheadas, nem preparadas de outro modo;São Tomé e Príncipe;30;10
2025;07129090;"Outros produtos hortícolas; misturas de produtos hortícolas, secos, inclusive pedaços, fatias, etc";Guiné-Bissau;22;2
2025;21023000;Pós para levedar, preparados;Cabo Verde;20;5
2025;09109900;Outras especiarias;São Tomé e Príncipe;19;3
2025;09103000;Açafrão-da-terra (curcuma);Angola;16;1
2025;09042200;Pimentões e pimentas dos gêneros Capsicum ou Pimenta, triturados ou em pó;São Tomé e Príncipe;14;2
2025;09041100;Pimenta (do gênero Piper), não triturada nem em pó;Angola;14;1
2025;18069000;Outros chocolates e preparações alimentícias contendo cacau;Guiné-Bissau;13;1
2025;09096110;Sementes de anis (erva-doce), não trituradas nem em pó;São Tomé e Príncipe;11;1
2025;11081200;Amido de milho;Cabo Verde;5;5
2025;11081200;Amido de milho;Angola;4;0
2025;21069021;Pós para a fabricação de pudins, em embalagens imediatas de conteúdo inferior ou igual a 1 kg;Angola;2;0
2024;17019900;Outros açúcares de cana, beterraba, sacarose químicamente pura, sol.;Angola;111253262;197403050
2024;17019900;Outros açúcares de cana, beterraba, sacarose químicamente pura, sol.;Cabo Verde;8612916;16717500
2024;17019900;Outros açúcares de cana, beterraba, sacarose químicamente pura, sol.;São Tomé e Príncipe;1913292;3321000
2024;17049020;Caramelos, confeitos, dropes, pastilhas, e produtos semelhantes, sem cacau;Angola;712183;377522
2024;17019900;Outros açúcares de cana, beterraba, sacarose químicamente pura, sol.;Guiné-Bissau;544475;1080080
2024;20098990;Sucos (sumo) de outras frutas, não fermentado, sem adição de açúcar;Moçambique;356632;332640
2024;21069010;Outras preparações para elaboração de bebidas;Cabo Verde;354556;92805
2024;17049020;Caramelos, confeitos, dropes, pastilhas, e produtos semelhantes, sem cacau;Cabo Verde;331210;181094
2024;17049020;Caramelos, confeitos, dropes, pastilhas, e produtos semelhantes, sem cacau;Moçambique;202983;134151
2024;20098990;Sucos (sumo) de outras frutas, não fermentado, sem adição de açúcar;Cabo Verde;179057;142636
2024;21039029;Outros condimentos e temperos, compostos;Angola;148567;39468
2024;18050000;Cacau em pó, sem adição de açúcar ou outros edulcorantes;Angola;133960;40000
2024;19019090;Outras preparações alimentícias de farinhas, etc, cacau < 40%;Guiné-Bissau;128027;52927
2024;17049020;Caramelos, confeitos, dropes, pastilhas, e produtos semelhantes, sem cacau;São Tomé e Príncipe;125946;74338
2024;19019090;Outras preparações alimentícias de farinhas, etc, cacau < 40%;Angola;67001;48440
2024;19021900;Outras massas alimentícias não cozidas, nem recheadas, nem preparadas de outro modo;Cabo Verde;64015;64018
2024;21039021;Condimentos e temperos, compostos, em embalagens imediatas de conteúdo inferior ou igual a 1 kg;Angola;50608;39903
2024;19019090;Outras preparações alimentícias de farinhas, etc, cacau < 40%;Cabo Verde;45313;36781
2024;21069029;Pós para preparações de cremes, sorvetes, flans, gelatinas ou preparações similares;Angola;39498;9631
2024;18069000;Outros chocolates e preparações alimentícias contendo cacau;Angola;35614;5948
2024;20059900;Outros produtos hortícolas, preparados ou conservados, exceto em vinagre ou em ácido acético, não congelados;Cabo Verde;32623;26350
2024;19023000;Outras massas alimentícias;Cabo Verde;28018;18229
2024;18069000;Outros chocolates e preparações alimentícias contendo cacau;Cabo Verde;26378;7369
2024;21069029;Pós para preparações de cremes, sorvetes, flans, gelatinas ou preparações similares;Cabo Verde;20559;3667
2024;12119090;Outras plantas e partes, para perfumaria, medicina e semelhantes;Moçambique;20249;386
2024;19041000;Produtos à base de cereais, obtidos por expansão ou por torrefação;Cabo Verde;16179;3718
2024;20098990;Sucos (sumo) de outras frutas, não fermentado, sem adição de açúcar;Angola;13456;9738
2024;21021090;Outras leveduras vivas;Angola;12152;275
2024;19030000;Tapioca e seus sucedâneos preparados a partir de féculas, em flocos, grumos, grãos, pérolas ou formas semelhantes;Angola;10511;4800
2024;20052000;Batatas, preparados ou conservados, exceto em vinagre ou em ácido acético, não congelados;Cabo Verde;10230;1102
2024;21039021;Condimentos e temperos, compostos, em embalagens imediatas de conteúdo inferior ou igual a 1 kg;Cabo Verde;9044;1613
2024;18069000;Outros chocolates e preparações alimentícias contendo cacau;Moçambique;6847;3118
2024;21069010;Outras preparações para elaboração de bebidas;Angola;6096;1437
2024;19019090;Outras preparações alimentícias de farinhas, etc, cacau < 40%;Moçambique;5520;2006
2024;19023000;Outras massas alimentícias;Angola;5486;2069
2024;08011100;Cocos, frescos ou secos, dessecados;Angola;4452;976
2024;19012090;Outras misturas e pastas para a preparação de produtos de padaria, pastelaria e da indústria de bolachas e biscoitos, da posição 19.05;Cabo Verde;4204;3030
2024;11041200;Grãos de aveia, esmagados ou em flocos;Cabo Verde;3474;1961
2024;20059900;Outros produtos hortícolas, preparados ou conservados, exceto em vinagre ou em ácido acético, não congelados;Angola;3271;1603
2024;07129090;"Outros produtos hortícolas; misturas de produtos hortícolas, secos, inclusive pedaços, fatias, etc";Angola;2985;660
2024;19021900;Outras massas alimentícias não cozidas, nem recheadas, nem preparadas de outro modo;Moçambique;2934;1500
2024;18061000;Cacau em pó, com adição de açúcar ou outros edulcorantes;Angola;1596;408
2024;21069029;Pós para preparações de cremes, sorvetes, flans, gelatinas ou preparações similares;Moçambique;1578;605
2024;21041011;Preparações para caldos e sopas, em embalagens imediatas de conteúdo inferior ou igual a 1 kg;Cabo Verde;1572;282
2024;12119090;Outras plantas e partes, para perfumaria, medicina e semelhantes;Cabo Verde;1474;225
2024;28363000;Hidrogenocarbonato (bicarbonato) de sódio;Angola;1297;777
2024;19012090;Outras misturas e pastas para a preparação de produtos de padaria, pastelaria e da indústria de bolachas e biscoitos, da posição 19.05;Moçambique;1230;382
2024;20052000;Batatas, preparados ou conservados, exceto em vinagre ou em ácido acético, não congelados;Angola;979;100
2024;19041000;Produtos à base de cereais, obtidos por expansão ou por torrefação;Moçambique;886;220
2024;11029000;Farinha de outros cereais;Cabo Verde;878;288
2024;19012090;Outras misturas e pastas para a preparação de produtos de padaria, pastelaria e da indústria de bolachas e biscoitos, da posição 19.05;Angola;725;862
2024;18069000;Outros chocolates e preparações alimentícias contendo cacau;Guiné-Bissau;637;43
2024;18061000;Cacau em pó, com adição de açúcar ou outros edulcorantes;Moçambique;462;201
2024;09092100;Sementes de coentro, não trituradas nem em pó;Angola;401;3
2024;21023000;Pós para levedar, preparados;Cabo Verde;389;120
2024;08011100;Cocos, frescos ou secos, dessecados;Cabo Verde;368;72
2024;21039021;Condimentos e temperos, compostos, em embalagens imediatas de conteúdo inferior ou igual a 1 kg;Guiné-Bissau;368;7
2024;19023000;Outras massas alimentícias;Guiné-Bissau;323;40
2024;28363000;Hidrogenocarbonato (bicarbonato) de sódio;Cabo Verde;302;140
2024;12040090;Outras sementes de linho (linhaça), mesmo trituradas;Cabo Verde;291;63
2024;19030000;Tapioca e seus sucedâneos preparados a partir de féculas, em flocos, grumos, grãos, pérolas ou formas semelhantes;Cabo Verde;284;90
2024;12079990;Outras sementes e frutos oleaginosos, mesmo triturados;Cabo Verde;283;45
2024;28363000;Hidrogenocarbonato (bicarbonato) de sódio;Moçambique;257;32
2024;09096120;Sementes de badiana (anis-estrelado), não triturado nem em pó;Guiné-Bissau;245;5
2024;17019100;Outros açúcares de cana, beterraba, com aromatizante corante;Cabo Verde;240;45
2024;19021900;Outras massas alimentícias não cozidas, nem recheadas, nem preparadas de outro modo;Guiné-Bissau;224;29
2024;19041000;Produtos à base de cereais, obtidos por expansão ou por torrefação;Guiné-Bissau;166;13
2024;09096110;Sementes de anis (erva-doce), não trituradas nem em pó;Cabo Verde;159;11
2024;19012090;Outras misturas e pastas para a preparação de produtos de padaria, pastelaria e da indústria de bolachas e biscoitos, da posição 19.05;Guiné-Bissau;145;14
2024;09109900;Outras especiarias;Guiné-Bissau;102;11
2024;17019900;Outros açúcares de cana, beterraba, sacarose químicamente pura, sol.;Moçambique;96;50
2024;09041200;Pimenta (do gênero Piper), triturada ou em pó;Guiné-Bissau;86;4
2024;09081100;Noz-moscada, não triturada nem em pó;Angola;80;5
2024;21039029;Outros condimentos e temperos, compostos;Guiné-Bissau;79;7
2024;21069010;Outras preparações para elaboração de bebidas;Guiné-Bissau;76;2
2024;21041011;Preparações para caldos e sopas, em embalagens imediatas de conteúdo inferior ou igual a 1 kg;Guiné-Bissau;65;8
2024;19041000;Produtos à base de cereais, obtidos por expansão ou por torrefação;Angola;62;15
2024;09041200;Pimenta (do gênero Piper), triturada ou em pó;Angola;59;10
2024;20059900;Outros produtos hortícolas, preparados ou conservados, exceto em vinagre ou em ácido acético, não congelados;Guiné-Bissau;56;13
2024;08011100;Cocos, frescos ou secos, dessecados;Guiné-Bissau;50;7
2024;18061000;Cacau em pó, com adição de açúcar ou outros edulcorantes;Cabo Verde;47;10
2024;09042200;Pimentões e pimentas dos gêneros Capsicum ou Pimenta, triturados ou em pó;Guiné-Bissau;45;3
2024;28363000;Hidrogenocarbonato (bicarbonato) de sódio;Guiné-Bissau;39;10
2024;11041200;Grãos de aveia, esmagados ou em flocos;Angola;37;8
2024;12079990;Outras sementes e frutos oleaginosos, mesmo triturados;Angola;23;6
2024;09041100;Pimenta (do gênero Piper), não triturada nem em pó;Guiné-Bissau;22;2
2024;09062000;Canela e flores de caneleira, trituradas ou em pó;Angola;21;5
2024;19030000;Tapioca e seus sucedâneos preparados a partir de féculas, em flocos, grumos, grãos, pérolas ou formas semelhantes;Guiné-Bissau;21;5
2024;07129090;"Outros produtos hortícolas; misturas de produtos hortícolas, secos, inclusive pedaços, fatias, etc";Guiné-Bissau;19;2
2024;09103000;Açafrão-da-terra (curcuma);Angola;18;10
2024;21069029;Pós para preparações de cremes, sorvetes, flans, gelatinas ou preparações similares;Guiné-Bissau;15;6
2024;18050000;Cacau em pó, sem adição de açúcar ou outros edulcorantes;Guiné-Bissau;13;2
2024;20098990;Sucos (sumo) de outras frutas, não fermentado, sem adição de açúcar;Guiné-Bissau;12;6
2024;11041200;Grãos de aveia, esmagados ou em flocos;Guiné-Bissau;12;2
2024;11029000;Farinha de outros cereais;Angola;10;2
2024;11081200;Amido de milho;Guiné-Bissau;7;5
2024;19023000;Outras massas alimentícias;Moçambique;6;3
2024;12119090;Outras plantas e partes, para perfumaria, medicina e semelhantes;Guiné-Bissau;1;0
2023;17019900;Outros açúcares de cana, beterraba, sacarose químicamente pura, sol.;Angola;31697089;55575296
2023;17019900;Outros açúcares de cana, beterraba, sacarose químicamente pura, sol.;Cabo Verde;6312071;12032000
2023;17049020;Caramelos, confeitos, dropes, pastilhas, e produtos semelhantes, sem cacau;Angola;2197417;1393296
2023;17019900;Outros açúcares de cana, beterraba, sacarose químicamente pura, sol.;São Tomé e Príncipe;1293790;2430000
2023;17019900;Outros açúcares de cana, beterraba, sacarose químicamente pura, sol.;Moçambique;711814;1070000
2023;21069010;Outras preparações para elaboração de bebidas;Cabo Verde;492400;132595
2023;17019900;Outros açúcares de cana, beterraba, sacarose químicamente pura, sol.;Guiné-Bissau;362765;756000
2023;19019090;Outras preparações alimentícias de farinhas, etc, cacau < 40%;Cabo Verde;301240;103198
2023;17049020;Caramelos, confeitos, dropes, pastilhas, e produtos semelhantes, sem cacau;Cabo Verde;254449;137161
2023;20098990;Sucos (sumo) de outras frutas, não fermentado, sem adição de açúcar;Moçambique;167366;142560
2023;17049020;Caramelos, confeitos, dropes, pastilhas, e produtos semelhantes, sem cacau;São Tomé e Príncipe;162633;99392
2023;19023000;Outras massas alimentícias;Cabo Verde;137022;83664
2023;18069000;Outros chocolates e preparações alimentícias contendo cacau;Cabo Verde;129229;51211
2023;20098990;Sucos (sumo) de outras frutas, não fermentado, sem adição de açúcar;Cabo Verde;124934;105000
2023;18069000;Outros chocolates e preparações alimentícias contendo cacau;Angola;118956;30799
2023;17049020;Caramelos, confeitos, dropes, pastilhas, e produtos semelhantes, sem cacau;Moçambique;116410;80722
2023;21039021;Condimentos e temperos, compostos, em embalagens imediatas de conteúdo inferior ou igual a 1 kg;Angola;64327;57418
2023;19021900;Outras massas alimentícias não cozidas, nem recheadas, nem preparadas de outro modo;Cabo Verde;63699;54351
2023;19019090;Outras preparações alimentícias de farinhas, etc, cacau < 40%;Guiné-Bissau;63522;25500
2023;21069010;Outras preparações para elaboração de bebidas;Angola;52516;9368
2023;21069029;Pós para preparações de cremes, sorvetes, flans, gelatinas ou preparações similares;Angola;50431;9191
2023;21069029;Pós para preparações de cremes, sorvetes, flans, gelatinas ou preparações similares;Cabo Verde;41500;2393
2023;12119090;Outras plantas e partes, para perfumaria, medicina e semelhantes;Moçambique;34407;803
2023;19041000;Produtos à base de cereais, obtidos por expansão ou por torrefação;Angola;30890;8879
2023;19021900;Outras massas alimentícias não cozidas, nem recheadas, nem preparadas de outro modo;Angola;30641;27264
2023;19021900;Outras massas alimentícias não cozidas, nem recheadas, nem preparadas de outro modo;Moçambique;24679;18274
2023;19041000;Produtos à base de cereais, obtidos por expansão ou por torrefação;São Tomé e Príncipe;20498;18500
2023;19023000;Outras massas alimentícias;Angola;14689;8410
2023;19041000;Produtos à base de cereais, obtidos por expansão ou por torrefação;Cabo Verde;13123;4113
2023;19041000;Produtos à base de cereais, obtidos por expansão ou por torrefação;Moçambique;11935;3656
2023;18069000;Outros chocolates e preparações alimentícias contendo cacau;Moçambique;11616;3072
2023;20052000;Batatas, preparados ou conservados, exceto em vinagre ou em ácido acético, não congelados;Moçambique;9083;748
2023;19019090;Outras preparações alimentícias de farinhas, etc, cacau < 40%;Moçambique;8699;2322
2023;19030000;Tapioca e seus sucedâneos preparados a partir de féculas, em flocos, grumos, grãos, pérolas ou formas semelhantes;Moçambique;6880;2100
2023;11081200;Amido de milho;Angola;6295;1600
2023;20059900;Outros produtos hortícolas, preparados ou conservados, exceto em vinagre ou em ácido acético, não congelados;Cabo Verde;5794;4714
2023;19019090;Outras preparações alimentícias de farinhas, etc, cacau < 40%;Angola;5154;3605
2023;19030000;Tapioca e seus sucedâneos preparados a partir de féculas, em flocos, grumos, grãos, pérolas ou formas semelhantes;Angola;5004;3145
2023;18061000;Cacau em pó, com adição de açúcar ou outros edulcorantes;Cabo Verde;4897;1834
2023;21039021;Condimentos e temperos, compostos, em embalagens imediatas de conteúdo inferior ou igual a 1 kg;Cabo Verde;4571;1477
2023;21041011;Preparações para caldos e sopas, em embalagens imediatas de conteúdo inferior ou igual a 1 kg;Cabo Verde;4262;1208
2023;21021090;Outras leveduras vivas;Cabo Verde;3148;379
2023;11041200;Grãos de aveia, esmagados ou em flocos;Cabo Verde;2744;1442
2023;21041011;Preparações para caldos e sopas, em embalagens imediatas de conteúdo inferior ou igual a 1 kg;Moçambique;2456;395
2023;21039021;Condimentos e temperos, compostos, em embalagens imediatas de conteúdo inferior ou igual a 1 kg;Moçambique;2418;203
2023;28363000;Hidrogenocarbonato (bicarbonato) de sódio;Angola;2224;561
2023;09041200;Pimenta (do gênero Piper), triturada ou em pó;Angola;2140;212
2023;20052000;Batatas, preparados ou conservados, exceto em vinagre ou em ácido acético, não congelados;Angola;2134;396
2023;09062000;Canela e flores de caneleira, trituradas ou em pó;Angola;2012;202
2023;20098990;Sucos (sumo) de outras frutas, não fermentado, sem adição de açúcar;Angola;1869;870
2023;18061000;Cacau em pó, com adição de açúcar ou outros edulcorantes;Angola;1867;439
2023;12119090;Outras plantas e partes, para perfumaria, medicina e semelhantes;Angola;1815;245
2023;08011100;Cocos, frescos ou secos, dessecados;Cabo Verde;1534;300
2023;12119090;Outras plantas e partes, para perfumaria, medicina e semelhantes;Cabo Verde;1152;364
2023;11041200;Grãos de aveia, esmagados ou em flocos;Moçambique;969;194
2023;19030000;Tapioca e seus sucedâneos preparados a partir de féculas, em flocos, grumos, grãos, pérolas ou formas semelhantes;Cabo Verde;966;571
2023;21069029;Pós para preparações de cremes, sorvetes, flans, gelatinas ou preparações similares;Moçambique;951;74
2023;18050000;Cacau em pó, sem adição de açúcar ou outros edulcorantes;Cabo Verde;885;127
2023;11029000;Farinha de outros cereais;Cabo Verde;857;413
2023;21021090;Outras leveduras vivas;Angola;781;10
2023;21069021;Pós para a fabricação de pudins, em embalagens imediatas de conteúdo inferior ou igual a 1 kg;Cabo Verde;764;243
2023;11081200;Amido de milho;Moçambique;725;300
2023;18050000;Cacau em pó, sem adição de açúcar ou outros edulcorantes;Angola;570;100
2023;21069021;Pós para a fabricação de pudins, em embalagens imediatas de conteúdo inferior ou igual a 1 kg;Angola;487;31
2023;11081200;Amido de milho;Cabo Verde;479;314
2023;11041200;Grãos de aveia, esmagados ou em flocos;Angola;458;288
2023;19023000;Outras massas alimentícias;Moçambique;410;85
2023;12079990;Outras sementes e frutos oleaginosos, mesmo triturados;Cabo Verde;396;63
2023;09109900;Outras especiarias;Moçambique;307;8
2023;12040090;Outras sementes de linho (linhaça), mesmo trituradas;Cabo Verde;276;72
2023;21039029;Outros condimentos e temperos, compostos;Cabo Verde;234;180
2023;09062000;Canela e flores de caneleira, trituradas ou em pó;Moçambique;213;4
2023;09061100;Canela (Cinnamomum zeylanicum blume) e flores de caneleira, não trituradas nem em pó;Angola;212;6
2023;09041200;Pimenta (do gênero Piper), triturada ou em pó;Cabo Verde;198;12
2023;09109900;Outras especiarias;Angola;157;4
2023;09061100;Canela (Cinnamomum zeylanicum blume) e flores de caneleira, não trituradas nem em pó;Moçambique;142;2
2023;12079990;Outras sementes e frutos oleaginosos, mesmo triturados;Angola;123;27
2023;17019100;Outros açúcares de cana, beterraba, com aromatizante corante;Cabo Verde;96;18
2023;09101200;Gengibre, triturado ou em pó;Cabo Verde;86;5
2023;12040090;Outras sementes de linho (linhaça), mesmo trituradas;Angola;19;11
2023;17019100;Outros açúcares de cana, beterraba, com aromatizante corante;Angola;19;10
2023;28363000;Hidrogenocarbonato (bicarbonato) de sódio;Cabo Verde;17;2
2023;09103000;Açafrão-da-terra (curcuma);Angola;14;10
2023;21069029;Pós para preparações de cremes, sorvetes, flans, gelatinas ou preparações similares;Guiné-Bissau;10;2
2023;11029000;Farinha de outros cereais;Angola;4;4
2023;08011100;Cocos, frescos ou secos, dessecados;Angola;1;4
2023;09041100;Pimenta (do gênero Piper), não triturada nem em pó;Cabo Verde;1;0
2022;17019900;Outros açúcares de cana, beterraba, sacarose químicamente pura, sol.;Angola;106901320;241398072
2022;17019900;Outros açúcares de cana, beterraba, sacarose químicamente pura, sol.;Cabo Verde;4507521;11462997
2022;17049020;Caramelos, confeitos, dropes, pastilhas, e produtos semelhantes, sem cacau;Angola;1858759;1258282
2022;17019900;Outros açúcares de cana, beterraba, sacarose químicamente pura, sol.;São Tomé e Príncipe;1165326;2373000
2022;21069010;Outras preparações para elaboração de bebidas;Cabo Verde;292866;82074
2022;17019900;Outros açúcares de cana, beterraba, sacarose químicamente pura, sol.;Guiné-Bissau;226157;540000
2022;17049020;Caramelos, confeitos, dropes, pastilhas, e produtos semelhantes, sem cacau;Moçambique;217290;156478
2022;20098990;Sucos (sumo) de outras frutas, não fermentado, sem adição de açúcar;Moçambique;204108;214560
2022;21069010;Outras preparações para elaboração de bebidas;Angola;198736;83199
2022;19019090;Outras preparações alimentícias de farinhas, etc, cacau < 40%;Guiné-Bissau;175452;78030
2022;17049020;Caramelos, confeitos, dropes, pastilhas, e produtos semelhantes, sem cacau;Cabo Verde;161336;102780
2022;18069000;Outros chocolates e preparações alimentícias contendo cacau;Angola;149199;67036
2022;17049020;Caramelos, confeitos, dropes, pastilhas, e produtos semelhantes, sem cacau;São Tomé e Príncipe;146309;94733
2022;20059900;Outros produtos hortícolas, preparados ou conservados, exceto em vinagre ou em ácido acético, não congelados;Angola;130658;182808
2022;20098990;Sucos (sumo) de outras frutas, não fermentado, sem adição de açúcar;Cabo Verde;128371;95229
2022;21041011;Preparações para caldos e sopas, em embalagens imediatas de conteúdo inferior ou igual a 1 kg;Angola;108523;52664
2022;19019090;Outras preparações alimentícias de farinhas, etc, cacau < 40%;Cabo Verde;89372;34333
2022;21039021;Condimentos e temperos, compostos, em embalagens imediatas de conteúdo inferior ou igual a 1 kg;Angola;87010;84075
2022;20098990;Sucos (sumo) de outras frutas, não fermentado, sem adição de açúcar;Angola;63319;37492
2022;19023000;Outras massas alimentícias;Cabo Verde;62063;44648
2022;12119090;Outras plantas e partes, para perfumaria, medicina e semelhantes;Angola;60086;19227
2022;19021900;Outras massas alimentícias não cozidas, nem recheadas, nem preparadas de outro modo;Cabo Verde;49792;56294
2022;18069000;Outros chocolates e preparações alimentícias contendo cacau;Cabo Verde;42210;17416
2022;12119090;Outras plantas e partes, para perfumaria, medicina e semelhantes;Moçambique;41247;1153
2022;19041000;Produtos à base de cereais, obtidos por expansão ou por torrefação;Angola;38847;12061
2022;19019090;Outras preparações alimentícias de farinhas, etc, cacau < 40%;Angola;37151;14522
2022;21069029;Pós para preparações de cremes, sorvetes, flans, gelatinas ou preparações similares;Cabo Verde;36047;7316
2022;21069029;Pós para preparações de cremes, sorvetes, flans, gelatinas ou preparações similares;Angola;34564;8666
2022;08011100;Cocos, frescos ou secos, dessecados;Angola;30087;6753
2022;19021900;Outras massas alimentícias não cozidas, nem recheadas, nem preparadas de outro modo;Angola;25520;26389
2022;19023000;Outras massas alimentícias;Angola;23182;12935
2022;21021090;Outras leveduras vivas;Angola;22761;91
2022;19021900;Outras massas alimentícias não cozidas, nem recheadas, nem preparadas de outro modo;Moçambique;15260;11656
2022;21039021;Condimentos e temperos, compostos, em embalagens imediatas de conteúdo inferior ou igual a 1 kg;Cabo Verde;13289;3134
2022;20052000;Batatas, preparados ou conservados, exceto em vinagre ou em ácido acético, não congelados;Angola;9340;1301
2022;18069000;Outros chocolates e preparações alimentícias contendo cacau;Moçambique;8585;3354
2022;19041000;Produtos à base de cereais, obtidos por expansão ou por torrefação;Moçambique;8429;1990
2022;18061000;Cacau em pó, com adição de açúcar ou outros edulcorantes;Moçambique;8367;2106
2022;20059900;Outros produtos hortícolas, preparados ou conservados, exceto em vinagre ou em ácido acético, não congelados;Cabo Verde;7134;2388
2022;09041200;Pimenta (do gênero Piper), triturada ou em pó;Angola;5372;666
2022;11081200;Amido de milho;Angola;5261;1720
2022;09062000;Canela e flores de caneleira, trituradas ou em pó;Angola;3583;346
2022;12119090;Outras plantas e partes, para perfumaria, medicina e semelhantes;Cabo Verde;3568;680
2022;21069029;Pós para preparações de cremes, sorvetes, flans, gelatinas ou preparações similares;Moçambique;3426;870
2022;19030000;Tapioca e seus sucedâneos preparados a partir de féculas, em flocos, grumos, grãos, pérolas ou formas semelhantes;Angola;2473;900
2022;18050000;Cacau em pó, sem adição de açúcar ou outros edulcorantes;Moçambique;2418;346
2022;18061000;Cacau em pó, com adição de açúcar ou outros edulcorantes;Cabo Verde;2184;818
2022;21023000;Pós para levedar, preparados;Angola;2174;648
2022;21041011;Preparações para caldos e sopas, em embalagens imediatas de conteúdo inferior ou igual a 1 kg;Cabo Verde;2115;469
2022;19030000;Tapioca e seus sucedâneos preparados a partir de féculas, em flocos, grumos, grãos, pérolas ou formas semelhantes;Cabo Verde;2100;1400
2022;19019090;Outras preparações alimentícias de farinhas, etc, cacau < 40%;Moçambique;1859;536
2022;18061000;Cacau em pó, com adição de açúcar ou outros edulcorantes;Angola;1787;815
2022;12079990;Outras sementes e frutos oleaginosos, mesmo triturados;Angola;1550;247
2022;20052000;Batatas, preparados ou conservados, exceto em vinagre ou em ácido acético, não congelados;Moçambique;1197;280
2022;09109900;Outras especiarias;Angola;1180;96
2022;28363000;Hidrogenocarbonato (bicarbonato) de sódio;Angola;1171;470
2022;09096110;Sementes de anis (erva-doce), não trituradas nem em pó;Angola;852;60
2022;17019900;Outros açúcares de cana, beterraba, sacarose químicamente pura, sol.;Moçambique;809;643
2022;19041000;Produtos à base de cereais, obtidos por expansão ou por torrefação;Cabo Verde;804;175
2022;11041200;Grãos de aveia, esmagados ou em flocos;Angola;648;408
2022;11041200;Grãos de aveia, esmagados ou em flocos;Cabo Verde;627;265
2022;09061100;Canela (Cinnamomum zeylanicum blume) e flores de caneleira, não trituradas nem em pó;Angola;570;18
2022;09092100;Sementes de coentro, não trituradas nem em pó;Angola;568;91
2022;17019100;Outros açúcares de cana, beterraba, com aromatizante corante;Moçambique;558;274
2022;09041100;Pimenta (do gênero Piper), não triturada nem em pó;Angola;301;37
2022;11081200;Amido de milho;Cabo Verde;292;252
2022;07129090;"Outros produtos hortícolas; misturas de produtos hortícolas, secos, inclusive pedaços, fatias, etc";Angola;292;47
2022;21069021;Pós para a fabricação de pudins, em embalagens imediatas de conteúdo inferior ou igual a 1 kg;Angola;225;15
2022;20052000;Batatas, preparados ou conservados, exceto em vinagre ou em ácido acético, não congelados;Cabo Verde;198;27
2022;09081100;Noz-moscada, não triturada nem em pó;Angola;176;10
2022;11029000;Farinha de outros cereais;Cabo Verde;123;76
2022;09071000;Cravo-da-índia (frutos, flores e pedúnculos), não triturado nem em pó;Angola;117;10
2022;09042200;Pimentões e pimentas dos gêneros Capsicum ou Pimenta, triturados ou em pó;Angola;102;13
2022;12040090;Outras sementes de linho (linhaça), mesmo trituradas;Angola;67;35
2022;18050000;Cacau em pó, sem adição de açúcar ou outros edulcorantes;Angola;42;10
2022;21039029;Outros condimentos e temperos, compostos;Moçambique;37;14
2022;21039029;Outros condimentos e temperos, compostos;Angola;29;5
2022;21039021;Condimentos e temperos, compostos, em embalagens imediatas de conteúdo inferior ou igual a 1 kg;Moçambique;19;2
2022;21069029;Pós para preparações de cremes, sorvetes, flans, gelatinas ou preparações similares;Guiné-Bissau;11;1
2021;17019900;Outros açúcares de cana, beterraba, sacarose químicamente pura, sol.;Angola;39640529;119378607
2021;17019900;Outros açúcares de cana, beterraba, sacarose químicamente pura, sol.;Cabo Verde;4357672;13220000
2021;17049020;Caramelos, confeitos, dropes, pastilhas, e produtos semelhantes, sem cacau;Angola;1303215;1103396
2021;17019900;Outros açúcares de cana, beterraba, sacarose químicamente pura, sol.;São Tomé e Príncipe;1296390;3105000
2021;21069010;Outras preparações para elaboração de bebidas;Cabo Verde;571938;148907
2021;17049020;Caramelos, confeitos, dropes, pastilhas, e produtos semelhantes, sem cacau;Moçambique;480663;412837
2021;20059900;Outros produtos hortícolas, preparados ou conservados, exceto em vinagre ou em ácido acético, não congelados;Angola;267315;367218
2021;17019900;Outros açúcares de cana, beterraba, sacarose químicamente pura, sol.;Guiné-Bissau;252447;810000
2021;17049020;Caramelos, confeitos, dropes, pastilhas, e produtos semelhantes, sem cacau;Cabo Verde;197337;128343
2021;17019900;Outros açúcares de cana, beterraba, sacarose químicamente pura, sol.;Moçambique;133632;325200
2021;18069000;Outros chocolates e preparações alimentícias contendo cacau;Angola;116877;45527
2021;20098990;Sucos (sumo) de outras frutas, não fermentado, sem adição de açúcar;Cabo Verde;99908;71532
2021;19019090;Outras preparações alimentícias de farinhas, etc, cacau < 40%;Guiné-Bissau;98982;52460
2021;21039021;Condimentos e temperos, compostos, em embalagens imediatas de conteúdo inferior ou igual a 1 kg;Angola;64648;65414
2021;18069000;Outros chocolates e preparações alimentícias contendo cacau;Cabo Verde;54661;22304
2021;17049020;Caramelos, confeitos, dropes, pastilhas, e produtos semelhantes, sem cacau;São Tomé e Príncipe;50801;42195
2021;21069029;Pós para preparações de cremes, sorvetes, flans, gelatinas ou preparações similares;Angola;39929;11275
2021;21069029;Pós para preparações de cremes, sorvetes, flans, gelatinas ou preparações similares;Cabo Verde;38523;8655
2021;21069010;Outras preparações para elaboração de bebidas;Angola;36672;17746
2021;18061000;Cacau em pó, com adição de açúcar ou outros edulcorantes;São Tomé e Príncipe;28900;17000
2021;19023000;Outras massas alimentícias;Cabo Verde;28312;23235
2021;18069000;Outros chocolates e preparações alimentícias contendo cacau;Moçambique;21587;10383
2021;19021900;Outras massas alimentícias não cozidas, nem recheadas, nem preparadas de outro modo;Moçambique;19936;16028
2021;19021900;Outras massas alimentícias não cozidas, nem recheadas, nem preparadas de outro modo;Cabo Verde;19391;20520
2021;21039021;Condimentos e temperos, compostos, em embalagens imediatas de conteúdo inferior ou igual a 1 kg;Cabo Verde;17660;3197
2021;18061000;Cacau em pó, com adição de açúcar ou outros edulcorantes;Angola;12009;2531
2021;12119090;Outras plantas e partes, para perfumaria, medicina e semelhantes;Angola;9350;1606
2021;21023000;Pós para levedar, preparados;Angola;8882;2484
2021;19021900;Outras massas alimentícias não cozidas, nem recheadas, nem preparadas de outro modo;Angola;8661;7562
2021;20098990;Sucos (sumo) de outras frutas, não fermentado, sem adição de açúcar;Angola;8622;6253
2021;11041200;Grãos de aveia, esmagados ou em flocos;Angola;7759;4126
2021;21041011;Preparações para caldos e sopas, em embalagens imediatas de conteúdo inferior ou igual a 1 kg;Cabo Verde;7695;2094
2021;20052000;Batatas, preparados ou conservados, exceto em vinagre ou em ácido acético, não congelados;Moçambique;6193;984
2021;19041000;Produtos à base de cereais, obtidos por expansão ou por torrefação;Moçambique;6140;1724
2021;08011100;Cocos, frescos ou secos, dessecados;Angola;6026;1801
2021;21069029;Pós para preparações de cremes, sorvetes, flans, gelatinas ou preparações similares;Moçambique;5013;1296
2021;18061000;Cacau em pó, com adição de açúcar ou outros edulcorantes;Moçambique;3748;1392
2021;19023000;Outras massas alimentícias;Angola;3400;2061
2021;19019090;Outras preparações alimentícias de farinhas, etc, cacau < 40%;Angola;3350;2065
2021;19041000;Produtos à base de cereais, obtidos por expansão ou por torrefação;Cabo Verde;3344;592
2021;21041011;Preparações para caldos e sopas, em embalagens imediatas de conteúdo inferior ou igual a 1 kg;Angola;2818;378
2021;11081200;Amido de milho;Angola;2389;800
2021;21021090;Outras leveduras vivas;Angola;2211;16
2021;20059900;Outros produtos hortícolas, preparados ou conservados, exceto em vinagre ou em ácido acético, não congelados;Cabo Verde;2127;2058
2021;17019100;Outros açúcares de cana, beterraba, com aromatizante corante;Moçambique;1830;756
2021;20098990;Sucos (sumo) de outras frutas, não fermentado, sem adição de açúcar;Moçambique;1815;2863
2021;19021900;Outras massas alimentícias não cozidas, nem recheadas, nem preparadas de outro modo;Guiné-Bissau;1714;3000
2021;09041200;Pimenta (do gênero Piper), triturada ou em pó;Angola;1708;212
2021;11041200;Grãos de aveia, esmagados ou em flocos;Cabo Verde;1647;518
2021;11029000;Farinha de outros cereais;Angola;1543;759
2021;28363000;Hidrogenocarbonato (bicarbonato) de sódio;Angola;1432;470
2021;21069010;Outras preparações para elaboração de bebidas;Moçambique;1410;2170
2021;09109900;Outras especiarias;Angola;1226;81
2021;20052000;Batatas, preparados ou conservados, exceto em vinagre ou em ácido acético, não congelados;Angola;1091;200
2021;12119090;Outras plantas e partes, para perfumaria, medicina e semelhantes;Cabo Verde;948;43
2021;18050000;Cacau em pó, sem adição de açúcar ou outros edulcorantes;Moçambique;847;180
2021;19041000;Produtos à base de cereais, obtidos por expansão ou por torrefação;Angola;751;69
2021;12079990;Outras sementes e frutos oleaginosos, mesmo triturados;Angola;679;93
2021;18050000;Cacau em pó, sem adição de açúcar ou outros edulcorantes;Angola;617;111
2021;09061100;Canela (Cinnamomum zeylanicum blume) e flores de caneleira, não trituradas nem em pó;Angola;537;44
2021;09101200;Gengibre, triturado ou em pó;Angola;484;2
2021;09062000;Canela e flores de caneleira, trituradas ou em pó;Angola;475;66
2021;19019090;Outras preparações alimentícias de farinhas, etc, cacau < 40%;Cabo Verde;436;204
2021;09096110;Sementes de anis (erva-doce), não trituradas nem em pó;Angola;413;45
2021;21039029;Outros condimentos e temperos, compostos;Angola;383;10
2021;09096120;Sementes de badiana (anis-estrelado), não triturado nem em pó;Angola;338;15
2021;21023000;Pós para levedar, preparados;Moçambique;247;25
2021;20052000;Batatas, preparados ou conservados, exceto em vinagre ou em ácido acético, não congelados;Cabo Verde;230;34
2021;12040090;Outras sementes de linho (linhaça), mesmo trituradas;Angola;124;18
2021;17019100;Outros açúcares de cana, beterraba, com aromatizante corante;Angola;44;3
2021;09103000;Açafrão-da-terra (curcuma);Angola;41;10
2021;19030000;Tapioca e seus sucedâneos preparados a partir de féculas, em flocos, grumos, grãos, pérolas ou formas semelhantes;Cabo Verde;21;10
2021;09092100;Sementes de coentro, não trituradas nem em pó;Angola;9;1
2020;17019900;Outros açúcares de cana, beterraba, sacarose químicamente pura, sol.;Angola;66194523;211048911
2020;17019900;Outros açúcares de cana, beterraba, sacarose químicamente pura, sol.;Cabo Verde;3555219;11578102
2020;17019900;Outros açúcares de cana, beterraba, sacarose químicamente pura, sol.;Guiné-Bissau;1546544;4671000
2020;17049020;Caramelos, confeitos, dropes, pastilhas, e produtos semelhantes, sem cacau;Angola;990143;836230
2020;17019900;Outros açúcares de cana, beterraba, sacarose químicamente pura, sol.;São Tomé e Príncipe;885386;2646001
2020;21069010;Outras preparações para elaboração de bebidas;Cabo Verde;879213;243364
2020;18069000;Outros chocolates e preparações alimentícias contendo cacau;Angola;225417;125344
2020;17049020;Caramelos, confeitos, dropes, pastilhas, e produtos semelhantes, sem cacau;Moçambique;205451;176321
2020;21039021;Condimentos e temperos, compostos, em embalagens imediatas de conteúdo inferior ou igual a 1 kg;Angola;113320;114239
2020;17049020;Caramelos, confeitos, dropes, pastilhas, e produtos semelhantes, sem cacau;Cabo Verde;73763;50522
2020;20098990;Sucos (sumo) de outras frutas, não fermentado, sem adição de açúcar;Cabo Verde;69755;57524
2020;12119090;Outras plantas e partes, para perfumaria, medicina e semelhantes;Moçambique;62525;1642
2020;21069029;Pós para preparações de cremes, sorvetes, flans, gelatinas ou preparações similares;Cabo Verde;61242;12104
2020;17049020;Caramelos, confeitos, dropes, pastilhas, e produtos semelhantes, sem cacau;São Tomé e Príncipe;59394;52151
2020;19021900;Outras massas alimentícias não cozidas, nem recheadas, nem preparadas de outro modo;Cabo Verde;49438;80720
2020;18069000;Outros chocolates e preparações alimentícias contendo cacau;Moçambique;41453;23579
2020;18069000;Outros chocolates e preparações alimentícias contendo cacau;Cabo Verde;40477;18689
2020;19019090;Outras preparações alimentícias de farinhas, etc, cacau < 40%;Guiné-Bissau;39223;25935
2020;20098990;Sucos (sumo) de outras frutas, não fermentado, sem adição de açúcar;Angola;36452;40310
2020;19023000;Outras massas alimentícias;Cabo Verde;35069;27715
2020;08011100;Cocos, frescos ou secos, dessecados;Angola;27942;7473
2020;21069029;Pós para preparações de cremes, sorvetes, flans, gelatinas ou preparações similares;Angola;21227;3623
2020;21023000;Pós para levedar, preparados;Angola;19518;5597
2020;19030000;Tapioca e seus sucedâneos preparados a partir de féculas, em flocos, grumos, grãos, pérolas ou formas semelhantes;Cabo Verde;19200;9560
2020;19041000;Produtos à base de cereais, obtidos por expansão ou por torrefação;Moçambique;17410;4986
2020;21069029;Pós para preparações de cremes, sorvetes, flans, gelatinas ou preparações similares;Moçambique;16793;2097
2020;21069010;Outras preparações para elaboração de bebidas;Angola;16299;7486
2020;18061000;Cacau em pó, com adição de açúcar ou outros edulcorantes;Angola;14357;2936
2020;21069021;Pós para a fabricação de pudins, em embalagens imediatas de conteúdo inferior ou igual a 1 kg;Angola;13759;2357
2020;19041000;Produtos à base de cereais, obtidos por expansão ou por torrefação;Angola;12300;1690
2020;19021900;Outras massas alimentícias não cozidas, nem recheadas, nem preparadas de outro modo;Moçambique;10544;8354
2020;19019090;Outras preparações alimentícias de farinhas, etc, cacau < 40%;Moçambique;9854;3858
2020;17019100;Outros açúcares de cana, beterraba, com aromatizante corante;Moçambique;8303;4826
2020;19021900;Outras massas alimentícias não cozidas, nem recheadas, nem preparadas de outro modo;Angola;8153;10104
2020;21039021;Condimentos e temperos, compostos, em embalagens imediatas de conteúdo inferior ou igual a 1 kg;Cabo Verde;8029;2311
2020;11041200;Grãos de aveia, esmagados ou em flocos;Angola;7540;1366
2020;19023000;Outras massas alimentícias;Angola;7507;4553
2020;18061000;Cacau em pó, com adição de açúcar ou outros edulcorantes;Moçambique;5570;1945
2020;19019090;Outras preparações alimentícias de farinhas, etc, cacau < 40%;Angola;5552;846
2020;12119090;Outras plantas e partes, para perfumaria, medicina e semelhantes;Cabo Verde;5009;293
2020;21039021;Condimentos e temperos, compostos, em embalagens imediatas de conteúdo inferior ou igual a 1 kg;Moçambique;4911;1372
2020;20052000;Batatas, preparados ou conservados, exceto em vinagre ou em ácido acético, não congelados;Moçambique;4852;494
2020;21021090;Outras leveduras vivas;Angola;4682;482
2020;19030000;Tapioca e seus sucedâneos preparados a partir de féculas, em flocos, grumos, grãos, pérolas ou formas semelhantes;Moçambique;3915;1272
2020;20059900;Outros produtos hortícolas, preparados ou conservados, exceto em vinagre ou em ácido acético, não congelados;Cabo Verde;2797;1668
2020;17019100;Outros açúcares de cana, beterraba, com aromatizante corante;Cabo Verde;2707;1318
2020;17019900;Outros açúcares de cana, beterraba, sacarose químicamente pura, sol.;Moçambique;2647;2417
2020;11081200;Amido de milho;Angola;2105;816
2020;21041011;Preparações para caldos e sopas, em embalagens imediatas de conteúdo inferior ou igual a 1 kg;Angola;2028;477
2020;20052000;Batatas, preparados ou conservados, exceto em vinagre ou em ácido acético, não congelados;Angola;1683;352
2020;11029000;Farinha de outros cereais;Angola;1562;271
2020;09041200;Pimenta (do gênero Piper), triturada ou em pó;Angola;1547;238
2020;21041011;Preparações para caldos e sopas, em embalagens imediatas de conteúdo inferior ou igual a 1 kg;Cabo Verde;1347;460
2020;18050000;Cacau em pó, sem adição de açúcar ou outros edulcorantes;Moçambique;1271;403
2020;21069021;Pós para a fabricação de pudins, em embalagens imediatas de conteúdo inferior ou igual a 1 kg;Cabo Verde;1097;366
2020;08011100;Cocos, frescos ou secos, dessecados;Cabo Verde;1006;240
2020;09096110;Sementes de anis (erva-doce), não trituradas nem em pó;Cabo Verde;975;37
2020;11041200;Grãos de aveia, esmagados ou em flocos;Cabo Verde;831;448
2020;19041000;Produtos à base de cereais, obtidos por expansão ou por torrefação;Cabo Verde;768;198
2020;19023000;Outras massas alimentícias;Moçambique;613;30
2020;20098990;Sucos (sumo) de outras frutas, não fermentado, sem adição de açúcar;Moçambique;608;150
2020;09096110;Sementes de anis (erva-doce), não trituradas nem em pó;Moçambique;584;12
2020;19019090;Outras preparações alimentícias de farinhas, etc, cacau < 40%;Cabo Verde;583;301
2020;12079990;Outras sementes e frutos oleaginosos, mesmo triturados;Angola;562;48
2020;21021090;Outras leveduras vivas;Cabo Verde;527;104
2020;09109900;Outras especiarias;Angola;512;49
2020;09062000;Canela e flores de caneleira, trituradas ou em pó;Angola;411;60
2020;11081200;Amido de milho;Moçambique;398;108
2020;11029000;Farinha de outros cereais;Moçambique;396;86
2020;12119090;Outras plantas e partes, para perfumaria, medicina e semelhantes;Angola;395;23
2020;09096110;Sementes de anis (erva-doce), não trituradas nem em pó;Angola;369;45
2020;11081200;Amido de milho;Cabo Verde;341;384
2020;12040090;Outras sementes de linho (linhaça), mesmo trituradas;Angola;327;79
2020;11041200;Grãos de aveia, esmagados ou em flocos;Moçambique;302;65
2020;07129090;"Outros produtos hortícolas; misturas de produtos hortícolas, secos, inclusive pedaços, fatias, etc";Angola;247;31
2020;19030000;Tapioca e seus sucedâneos preparados a partir de féculas, em flocos, grumos, grãos, pérolas ou formas semelhantes;Angola;239;100
2020;21023000;Pós para levedar, preparados;Cabo Verde;233;81
2020;28363000;Hidrogenocarbonato (bicarbonato) de sódio;Angola;225;92
2020;11029000;Farinha de outros cereais;Cabo Verde;175;120
2020;21069010;Outras preparações para elaboração de bebidas;Moçambique;160;9
2020;20052000;Batatas, preparados ou conservados, exceto em vinagre ou em ácido acético, não congelados;Cabo Verde;140;28
2020;12040090;Outras sementes de linho (linhaça), mesmo trituradas;Moçambique;139;24
2020;09042200;Pimentões e pimentas dos gêneros Capsicum ou Pimenta, triturados ou em pó;Angola;112;15
2020;09081200;Noz-moscada, triturada ou em pó;Angola;83;5
2020;08011100;Cocos, frescos ou secos, dessecados;Moçambique;78;9
2020;09103000;Açafrão-da-terra (curcuma);Angola;66;5
2020;09041100;Pimenta (do gênero Piper), não triturada nem em pó;Angola;39;1
2020;21039029;Outros condimentos e temperos, compostos;Angola;38;50
2020;17019100;Outros açúcares de cana, beterraba, com aromatizante corante;Angola;15;2
2020;18050000;Cacau em pó, sem adição de açúcar ou outros edulcorantes;Angola;9;2
2020;09101200;Gengibre, triturado ou em pó;Angola;6;1
2019;17019900;Outros açúcares de cana, beterraba, sacarose químicamente pura, sol.;Angola;116149443;363171078
2019;17019900;Outros açúcares de cana, beterraba, sacarose químicamente pura, sol.;Cabo Verde;3436008;10651002
2019;17049020;Caramelos, confeitos, dropes, pastilhas, e produtos semelhantes, sem cacau;Angola;1064922;798432
2019;17019900;Outros açúcares de cana, beterraba, sacarose químicamente pura, sol.;Guiné-Bissau;923120;2969998
2019;21069010;Outras preparações para elaboração de bebidas;Cabo Verde;832520;228468
2019;17019900;Outros açúcares de cana, beterraba, sacarose químicamente pura, sol.;São Tomé e Príncipe;616785;1809000
2019;21041011;Preparações para caldos e sopas, em embalagens imediatas de conteúdo inferior ou igual a 1 kg;Angola;337096;197360
2019;17049020;Caramelos, confeitos, dropes, pastilhas, e produtos semelhantes, sem cacau;Moçambique;290006;235511
2019;18069000;Outros chocolates e preparações alimentícias contendo cacau;Angola;208584;101398
2019;17049020;Caramelos, confeitos, dropes, pastilhas, e produtos semelhantes, sem cacau;Cabo Verde;180259;126641
2019;21039021;Condimentos e temperos, compostos, em embalagens imediatas de conteúdo inferior ou igual a 1 kg;Angola;166953;153705
2019;17049020;Caramelos, confeitos, dropes, pastilhas, e produtos semelhantes, sem cacau;São Tomé e Príncipe;91191;69353
2019;21069029;Pós para preparações de cremes, sorvetes, flans, gelatinas ou preparações similares;Cabo Verde;80575;12765
2019;18069000;Outros chocolates e preparações alimentícias contendo cacau;Moçambique;79039;32928
2019;20098990;Sucos (sumo) de outras frutas, não fermentado, sem adição de açúcar;Cabo Verde;73526;69025
2019;21069029;Pós para preparações de cremes, sorvetes, flans, gelatinas ou preparações similares;Angola;68301;25451
2019;20098990;Sucos (sumo) de outras frutas, não fermentado, sem adição de açúcar;Angola;62074;53512
2019;21069010;Outras preparações para elaboração de bebidas;Angola;38970;7240
2019;18069000;Outros chocolates e preparações alimentícias contendo cacau;Cabo Verde;33048;15251
2019;19023000;Outras massas alimentícias;Cabo Verde;29991;22769
2019;12119090;Outras plantas e partes, para perfumaria, medicina e semelhantes;Moçambique;25833;681
2019;19021900;Outras massas alimentícias não cozidas, nem recheadas, nem preparadas de outro modo;Cabo Verde;24776;29226
2019;18061000;Cacau em pó, com adição de açúcar ou outros edulcorantes;Angola;19383;4055
2019;21039021;Condimentos e temperos, compostos, em embalagens imediatas de conteúdo inferior ou igual a 1 kg;Cabo Verde;18990;5374
2019;12119090;Outras plantas e partes, para perfumaria, medicina e semelhantes;Angola;16839;314
2019;19030000;Tapioca e seus sucedâneos preparados a partir de féculas, em flocos, grumos, grãos, pérolas ou formas semelhantes;Angola;11966;7700
2019;20098990;Sucos (sumo) de outras frutas, não fermentado, sem adição de açúcar;Moçambique;11938;24000
2019;21069029;Pós para preparações de cremes, sorvetes, flans, gelatinas ou preparações similares;Moçambique;10774;2114
2019;20059900;Outros produtos hortícolas, preparados ou conservados, exceto em vinagre ou em ácido acético, não congelados;São Tomé e Príncipe;9910;13212
2019;19041000;Produtos à base de cereais, obtidos por expansão ou por torrefação;Moçambique;9350;2760
2019;19019090;Outras preparações alimentícias de farinhas, etc, cacau < 40%;Moçambique;9275;4096
2019;19021900;Outras massas alimentícias não cozidas, nem recheadas, nem preparadas de outro modo;Moçambique;9141;8310
2019;19023000;Outras massas alimentícias;Angola;7593;5138
2019;20052000;Batatas, preparados ou conservados, exceto em vinagre ou em ácido acético, não congelados;Moçambique;6423;684
2019;19021900;Outras massas alimentícias não cozidas, nem recheadas, nem preparadas de outro modo;Angola;6311;5887
2019;17019100;Outros açúcares de cana, beterraba, com aromatizante corante;Moçambique;5782;3740
2019;08011100;Cocos, frescos ou secos, dessecados;Angola;5691;802
2019;21023000;Pós para levedar, preparados;Angola;5685;1521
2019;21069021;Pós para a fabricação de pudins, em embalagens imediatas de conteúdo inferior ou igual a 1 kg;Angola;4597;679
2019;18061000;Cacau em pó, com adição de açúcar ou outros edulcorantes;Moçambique;4434;1688
2019;11081200;Amido de milho;Angola;4206;1126
2019;21039021;Condimentos e temperos, compostos, em embalagens imediatas de conteúdo inferior ou igual a 1 kg;Moçambique;4143;371
2019;12119090;Outras plantas e partes, para perfumaria, medicina e semelhantes;Cabo Verde;4067;340
2019;19041000;Produtos à base de cereais, obtidos por expansão ou por torrefação;Cabo Verde;3588;575
2019;19019090;Outras preparações alimentícias de farinhas, etc, cacau < 40%;Angola;3073;764
2019;20052000;Batatas, preparados ou conservados, exceto em vinagre ou em ácido acético, não congelados;Angola;2926;252
2019;08011100;Cocos, frescos ou secos, dessecados;Cabo Verde;2826;348
2019;20059900;Outros produtos hortícolas, preparados ou conservados, exceto em vinagre ou em ácido acético, não congelados;Angola;2798;1593
2019;19041000;Produtos à base de cereais, obtidos por expansão ou por torrefação;Angola;1995;285
2019;19030000;Tapioca e seus sucedâneos preparados a partir de féculas, em flocos, grumos, grãos, pérolas ou formas semelhantes;Moçambique;1930;540
2019;17019900;Outros açúcares de cana, beterraba, sacarose químicamente pura, sol.;Moçambique;1778;1420
2019;18050000;Cacau em pó, sem adição de açúcar ou outros edulcorantes;Moçambique;1451;474
2019;28363000;Hidrogenocarbonato (bicarbonato) de sódio;Angola;1445;393
2019;12079990;Outras sementes e frutos oleaginosos, mesmo triturados;Angola;1410;179
2019;21069029;Pós para preparações de cremes, sorvetes, flans, gelatinas ou preparações similares;Guiné-Bissau;1364;60
2019;20052000;Batatas, preparados ou conservados, exceto em vinagre ou em ácido acético, não congelados;Cabo Verde;1212;178
2019;17019100;Outros açúcares de cana, beterraba, com aromatizante corante;Angola;1146;461
2019;09096110;Sementes de anis (erva-doce), não trituradas nem em pó;Cabo Verde;1144;31
2019;09092100;Sementes de coentro, não trituradas nem em pó;Angola;1104;96
2019;20059900;Outros produtos hortícolas, preparados ou conservados, exceto em vinagre ou em ácido acético, não congelados;Cabo Verde;786;528
2019;21041011;Preparações para caldos e sopas, em embalagens imediatas de conteúdo inferior ou igual a 1 kg;Cabo Verde;439;71
2019;19030000;Tapioca e seus sucedâneos preparados a partir de féculas, em flocos, grumos, grãos, pérolas ou formas semelhantes;Cabo Verde;437;400
2019;19023000;Outras massas alimentícias;Moçambique;387;318
2019;21021090;Outras leveduras vivas;Cabo Verde;263;10
2019;09096110;Sementes de anis (erva-doce), não trituradas nem em pó;Moçambique;210;5
2019;11041200;Grãos de aveia, esmagados ou em flocos;Angola;188;115
2019;21041019;Outras preparações para caldos e sopas;Angola;179;202
2019;21021090;Outras leveduras vivas;Angola;163;45
2019;18050000;Cacau em pó, sem adição de açúcar ou outros edulcorantes;Angola;144;12
2019;21039029;Outros condimentos e temperos, compostos;Angola;69;100
2019;09109900;Outras especiarias;Angola;65;52
2019;11029000;Farinha de outros cereais;Moçambique;36;10
2019;11029000;Farinha de outros cereais;Angola;28;7
2019;12040090;Outras sementes de linho (linhaça), mesmo trituradas;Angola;24;4
2018;17019900;Outros açúcares de cana, beterraba, sacarose químicamente pura, sol.;Angola;92830641;280187479
2018;17019900;Outros açúcares de cana, beterraba, sacarose químicamente pura, sol.;Cabo Verde;2994116;8804500
2018;17049020;Caramelos, confeitos, dropes, pastilhas, e produtos semelhantes, sem cacau;Angola;1607075;1104714
2018;21069010;Outras preparações para elaboração de bebidas;Cabo Verde;913867;238608
2018;17019900;Outros açúcares de cana, beterraba, sacarose químicamente pura, sol.;Guiné-Bissau;911406;2699999
2018;21041011;Preparações para caldos e sopas, em embalagens imediatas de conteúdo inferior ou igual a 1 kg;Angola;723521;408944
2018;20059900;Outros produtos hortícolas, preparados ou conservados, exceto em vinagre ou em ácido acético, não congelados;Angola;687178;1000532
2018;17019900;Outros açúcares de cana, beterraba, sacarose químicamente pura, sol.;São Tomé e Príncipe;283153;807950
2018;18069000;Outros chocolates e preparações alimentícias contendo cacau;Angola;206040;51732
2018;21039021;Condimentos e temperos, compostos, em embalagens imediatas de conteúdo inferior ou igual a 1 kg;Angola;153544;102136
2018;17049020;Caramelos, confeitos, dropes, pastilhas, e produtos semelhantes, sem cacau;Cabo Verde;121459;78967
2018;20098990;Sucos (sumo) de outras frutas, não fermentado, sem adição de açúcar;Angola;114656;52146
2018;21069029;Pós para preparações de cremes, sorvetes, flans, gelatinas ou preparações similares;Angola;85453;25102
2018;20098990;Sucos (sumo) de outras frutas, não fermentado, sem adição de açúcar;Cabo Verde;77532;67181
2018;21021090;Outras leveduras vivas;Angola;56679;5516
2018;19023000;Outras massas alimentícias;Cabo Verde;35520;25050
2018;21023000;Pós para levedar, preparados;Angola;35136;6972
2018;21069010;Outras preparações para elaboração de bebidas;Angola;34180;3933
2018;19019090;Outras preparações alimentícias de farinhas, etc, cacau < 40%;Cabo Verde;33730;16660
2018;19030000;Tapioca e seus sucedâneos preparados a partir de féculas, em flocos, grumos, grãos, pérolas ou formas semelhantes;Angola;33465;11398
2018;12119090;Outras plantas e partes, para perfumaria, medicina e semelhantes;Moçambique;31050;864
2018;17049020;Caramelos, confeitos, dropes, pastilhas, e produtos semelhantes, sem cacau;Moçambique;27845;21367
2018;18069000;Outros chocolates e preparações alimentícias contendo cacau;Cabo Verde;26766;11863
2018;21069029;Pós para preparações de cremes, sorvetes, flans, gelatinas ou preparações similares;Cabo Verde;25699;3954
2018;19041000;Produtos à base de cereais, obtidos por expansão ou por torrefação;Angola;25648;10180
2018;19021900;Outras massas alimentícias não cozidas, nem recheadas, nem preparadas de outro modo;Cabo Verde;24637;29155
2018;19019090;Outras preparações alimentícias de farinhas, etc, cacau < 40%;Angola;23005;9518
2018;21069010;Outras preparações para elaboração de bebidas;São Tomé e Príncipe;22179;6336
2018;17049020;Caramelos, confeitos, dropes, pastilhas, e produtos semelhantes, sem cacau;São Tomé e Príncipe;18078;14591
2018;19021900;Outras massas alimentícias não cozidas, nem recheadas, nem preparadas de outro modo;Angola;12318;13445
2018;18061000;Cacau em pó, com adição de açúcar ou outros edulcorantes;Angola;11684;2304
2018;19041000;Produtos à base de cereais, obtidos por expansão ou por torrefação;Cabo Verde;11526;3230
2018;20052000;Batatas, preparados ou conservados, exceto em vinagre ou em ácido acético, não congelados;Angola;9657;1123
2018;21069029;Pós para preparações de cremes, sorvetes, flans, gelatinas ou preparações similares;Moçambique;9196;808
2018;21039021;Condimentos e temperos, compostos, em embalagens imediatas de conteúdo inferior ou igual a 1 kg;Moçambique;8815;4739
2018;19023000;Outras massas alimentícias;Angola;8530;5484
2018;12119090;Outras plantas e partes, para perfumaria, medicina e semelhantes;Angola;8105;1151
2018;19021900;Outras massas alimentícias não cozidas, nem recheadas, nem preparadas de outro modo;Moçambique;8088;6960
2018;21069021;Pós para a fabricação de pudins, em embalagens imediatas de conteúdo inferior ou igual a 1 kg;Angola;7416;1240
2018;21039021;Condimentos e temperos, compostos, em embalagens imediatas de conteúdo inferior ou igual a 1 kg;Cabo Verde;6150;2102
2018;18069000;Outros chocolates e preparações alimentícias contendo cacau;Moçambique;6050;1040
2018;28363000;Hidrogenocarbonato (bicarbonato) de sódio;Angola;5436;2121
2018;08011100;Cocos, frescos ou secos, dessecados;Angola;4938;543
2018;21041011;Preparações para caldos e sopas, em embalagens imediatas de conteúdo inferior ou igual a 1 kg;Cabo Verde;4696;752
2018;19019090;Outras preparações alimentícias de farinhas, etc, cacau < 40%;Moçambique;4005;1824
2018;11081200;Amido de milho;Angola;3758;1054
2018;19030000;Tapioca e seus sucedâneos preparados a partir de féculas, em flocos, grumos, grãos, pérolas ou formas semelhantes;Moçambique;3230;840
2018;21069010;Outras preparações para elaboração de bebidas;Moçambique;2946;538
2018;20052000;Batatas, preparados ou conservados, exceto em vinagre ou em ácido acético, não congelados;Moçambique;2262;260
2018;12079990;Outras sementes e frutos oleaginosos, mesmo triturados;Angola;1524;134
2018;28363000;Hidrogenocarbonato (bicarbonato) de sódio;Moçambique;1196;14
2018;12119090;Outras plantas e partes, para perfumaria, medicina e semelhantes;Cabo Verde;994;20
2018;11029000;Farinha de outros cereais;Angola;974;371
2018;09092100;Sementes de coentro, não trituradas nem em pó;Angola;932;63
2018;12040090;Outras sementes de linho (linhaça), mesmo trituradas;Angola;747;248
2018;11041200;Grãos de aveia, esmagados ou em flocos;Angola;693;264
2018;08011100;Cocos, frescos ou secos, dessecados;Cabo Verde;690;120
2018;11041200;Grãos de aveia, esmagados ou em flocos;Cabo Verde;414;96
2018;09096110;Sementes de anis (erva-doce), não trituradas nem em pó;Cabo Verde;406;11
2018;20052000;Batatas, preparados ou conservados, exceto em vinagre ou em ácido acético, não congelados;Cabo Verde;376;56
2018;19023000;Outras massas alimentícias;Moçambique;375;255
2018;18069000;Outros chocolates e preparações alimentícias contendo cacau;São Tomé e Príncipe;239;156
2018;21041011;Preparações para caldos e sopas, em embalagens imediatas de conteúdo inferior ou igual a 1 kg;Moçambique;180;342
2018;21069021;Pós para a fabricação de pudins, em embalagens imediatas de conteúdo inferior ou igual a 1 kg;Cabo Verde;103;36
2018;09096110;Sementes de anis (erva-doce), não trituradas nem em pó;Moçambique;90;2
2018;11081200;Amido de milho;Cabo Verde;68;48
2018;21039029;Outros condimentos e temperos, compostos;Cabo Verde;49;51
2018;09109900;Outras especiarias;Angola;16;15
2018;35030019;Outras gelatinas e seus derivados;Moçambique;14;3
2018;35030019;Outras gelatinas e seus derivados;Angola;2;4
2017;17019900;Outros açúcares de cana, beterraba, sacarose químicamente pura, sol.;Angola;192480479;420296000
2017;17019900;Outros açúcares de cana, beterraba, sacarose químicamente pura, sol.;Cabo Verde;7123372;15546225
2017;17049020;Caramelos, confeitos, dropes, pastilhas, e produtos semelhantes, sem cacau;Angola;1829186;1244804
2017;17019900;Outros açúcares de cana, beterraba, sacarose químicamente pura, sol.;Guiné-Bissau;1285907;2781000
2017;21041011;Preparações para caldos e sopas, em embalagens imediatas de conteúdo inferior ou igual a 1 kg;Angola;877998;467500
2017;17019900;Outros açúcares de cana, beterraba, sacarose químicamente pura, sol.;São Tomé e Príncipe;776829;1890000
2017;21069010;Outras preparações para elaboração de bebidas;Cabo Verde;683553;175955
2017;21039021;Condimentos e temperos, compostos, em embalagens imediatas de conteúdo inferior ou igual a 1 kg;Angola;598581;600794
2017;18069000;Outros chocolates e preparações alimentícias contendo cacau;Angola;427098;94254
2017;20059900;Outros produtos hortícolas, preparados ou conservados, exceto em vinagre ou em ácido acético, não congelados;Angola;425548;588405
2017;17049020;Caramelos, confeitos, dropes, pastilhas, e produtos semelhantes, sem cacau;Cabo Verde;166249;115546
2017;19023000;Outras massas alimentícias;Cabo Verde;79222;50852
2017;17049020;Caramelos, confeitos, dropes, pastilhas, e produtos semelhantes, sem cacau;Moçambique;66735;49299
2017;21069029;Pós para preparações de cremes, sorvetes, flans, gelatinas ou preparações similares;Cabo Verde;61256;10472
2017;18069000;Outros chocolates e preparações alimentícias contendo cacau;Cabo Verde;60225;20385
2017;21069029;Pós para preparações de cremes, sorvetes, flans, gelatinas ou preparações similares;Angola;57830;15232
2017;19041000;Produtos à base de cereais, obtidos por expansão ou por torrefação;Angola;55842;13058
2017;20098990;Sucos (sumo) de outras frutas, não fermentado, sem adição de açúcar;Cabo Verde;50556;26364
2017;19021900;Outras massas alimentícias não cozidas, nem recheadas, nem preparadas de outro modo;Angola;39516;38468
2017;21023000;Pós para levedar, preparados;Angola;39067;3140
2017;19019090;Outras preparações alimentícias de farinhas, etc, cacau < 40%;Angola;32041;16212
2017;19021900;Outras massas alimentícias não cozidas, nem recheadas, nem preparadas de outro modo;Moçambique;29413;31570
2017;21069010;Outras preparações para elaboração de bebidas;Angola;27730;15421
2017;19021900;Outras massas alimentícias não cozidas, nem recheadas, nem preparadas de outro modo;Cabo Verde;25351;26969
2017;21069029;Pós para preparações de cremes, sorvetes, flans, gelatinas ou preparações similares;Moçambique;18834;1819
2017;20098990;Sucos (sumo) de outras frutas, não fermentado, sem adição de açúcar;Angola;17102;5294
2017;12119090;Outras plantas e partes, para perfumaria, medicina e semelhantes;Moçambique;15136;393
2017;21039021;Condimentos e temperos, compostos, em embalagens imediatas de conteúdo inferior ou igual a 1 kg;Cabo Verde;11813;4598
2017;18069000;Outros chocolates e preparações alimentícias contendo cacau;Moçambique;11300;2880
2017;20059900;Outros produtos hortícolas, preparados ou conservados, exceto em vinagre ou em ácido acético, não congelados;Cabo Verde;10802;9672
2017;20052000;Batatas, preparados ou conservados, exceto em vinagre ou em ácido acético, não congelados;Angola;6570;720
2017;17049020;Caramelos, confeitos, dropes, pastilhas, e produtos semelhantes, sem cacau;São Tomé e Príncipe;6313;4242
2017;12119090;Outras plantas e partes, para perfumaria, medicina e semelhantes;Angola;5980;379
2017;19019090;Outras preparações alimentícias de farinhas, etc, cacau < 40%;Cabo Verde;5717;2499
2017;08011100;Cocos, frescos ou secos, dessecados;Angola;5336;933
2017;19023000;Outras massas alimentícias;Angola;4487;2829
2017;11081200;Amido de milho;Angola;4113;1625
2017;21041011;Preparações para caldos e sopas, em embalagens imediatas de conteúdo inferior ou igual a 1 kg;Cabo Verde;3966;1124
2017;18061000;Cacau em pó, com adição de açúcar ou outros edulcorantes;Cabo Verde;3534;1157
2017;11041200;Grãos de aveia, esmagados ou em flocos;Angola;3379;648
2017;21069021;Pós para a fabricação de pudins, em embalagens imediatas de conteúdo inferior ou igual a 1 kg;Angola;3260;286
2017;28363000;Hidrogenocarbonato (bicarbonato) de sódio;Angola;2957;450
2017;19023000;Outras massas alimentícias;Moçambique;2760;1701
2017;19041000;Produtos à base de cereais, obtidos por expansão ou por torrefação;Cabo Verde;2724;658
2017;21039021;Condimentos e temperos, compostos, em embalagens imediatas de conteúdo inferior ou igual a 1 kg;São Tomé e Príncipe;2544;797
2017;18061000;Cacau em pó, com adição de açúcar ou outros edulcorantes;Angola;2177;577
2017;11041200;Grãos de aveia, esmagados ou em flocos;Cabo Verde;2092;565
2017;19030000;Tapioca e seus sucedâneos preparados a partir de féculas, em flocos, grumos, grãos, pérolas ou formas semelhantes;Angola;1802;486
2017;19041000;Produtos à base de cereais, obtidos por expansão ou por torrefação;São Tomé e Príncipe;1782;458
2017;19030000;Tapioca e seus sucedâneos preparados a partir de féculas, em flocos, grumos, grãos, pérolas ou formas semelhantes;Cabo Verde;1601;700
2017;21069021;Pós para a fabricação de pudins, em embalagens imediatas de conteúdo inferior ou igual a 1 kg;Cabo Verde;1364;396
2017;09109900;Outras especiarias;Angola;1241;196
2017;12119090;Outras plantas e partes, para perfumaria, medicina e semelhantes;Cabo Verde;1147;29
2017;20052000;Batatas, preparados ou conservados, exceto em vinagre ou em ácido acético, não congelados;Cabo Verde;1046;168
2017;21041019;Outras preparações para caldos e sopas;Angola;966;608
2017;21023000;Pós para levedar, preparados;Cabo Verde;719;192
2017;20052000;Batatas, preparados ou conservados, exceto em vinagre ou em ácido acético, não congelados;São Tomé e Príncipe;640;92
2017;18069000;Outros chocolates e preparações alimentícias contendo cacau;São Tomé e Príncipe;638;316
2017;35030019;Outras gelatinas e seus derivados;Cabo Verde;614;28
2017;11029000;Farinha de outros cereais;Cabo Verde;545;174
2017;09096110;Sementes de anis (erva-doce), não trituradas nem em pó;Cabo Verde;529;18
2017;09096110;Sementes de anis (erva-doce), não trituradas nem em pó;Angola;457;11
2017;21039029;Outros condimentos e temperos, compostos;Cabo Verde;418;309
2017;18050000;Cacau em pó, sem adição de açúcar ou outros edulcorantes;Cabo Verde;339;41
2017;21069021;Pós para a fabricação de pudins, em embalagens imediatas de conteúdo inferior ou igual a 1 kg;Moçambique;338;56
2017;09041100;Pimenta (do gênero Piper), não triturada nem em pó;Angola;320;42
2017;11041200;Grãos de aveia, esmagados ou em flocos;São Tomé e Príncipe;255;120
2017;09092100;Sementes de coentro, não trituradas nem em pó;Moçambique;250;5
2017;08011100;Cocos, frescos ou secos, dessecados;Cabo Verde;220;18
2017;11081200;Amido de milho;São Tomé e Príncipe;211;240
2017;09041200;Pimenta (do gênero Piper), triturada ou em pó;São Tomé e Príncipe;194;20
2017;18061000;Cacau em pó, com adição de açúcar ou outros edulcorantes;São Tomé e Príncipe;184;58
2017;08011100;Cocos, frescos ou secos, dessecados;São Tomé e Príncipe;162;29
2017;12040090;Outras sementes de linho (linhaça), mesmo trituradas;Angola;115;14
2017;12040090;Outras sementes de linho (linhaça), mesmo trituradas;Cabo Verde;114;43
2017;09042200;Pimentões e pimentas dos gêneros Capsicum ou Pimenta, triturados ou em pó;São Tomé e Príncipe;108;26
2017;12079990;Outras sementes e frutos oleaginosos, mesmo triturados;Angola;70;7
2017;19019090;Outras preparações alimentícias de farinhas, etc, cacau < 40%;São Tomé e Príncipe;68;24
2017;09109900;Outras especiarias;São Tomé e Príncipe;67;2
2017;09062000;Canela e flores de caneleira, trituradas ou em pó;São Tomé e Príncipe;36;3
2017;28363000;Hidrogenocarbonato (bicarbonato) de sódio;São Tomé e Príncipe;33;14
2017;09092100;Sementes de coentro, não trituradas nem em pó;Angola;28;3
2017;21021090;Outras leveduras vivas;Moçambique;7;4
2017;11081200;Amido de milho;Moçambique;4;4
2017;18061000;Cacau em pó, com adição de açúcar ou outros edulcorantes;Moçambique;4;2
2016;17019900;Outros açúcares de cana, beterraba, sacarose químicamente pura, sol.;Angola;115705438;262751056
2016;17019900;Outros açúcares de cana, beterraba, sacarose químicamente pura, sol.;Cabo Verde;6216235;15571000
2016;20059900;Outros produtos hortícolas, preparados ou conservados, exceto em vinagre ou em ácido acético, não congelados;Angola;1461722;2008547
2016;21069010;Outras preparações para elaboração de bebidas;Cabo Verde;984814;281192
2016;21041011;Preparações para caldos e sopas, em embalagens imediatas de conteúdo inferior ou igual a 1 kg;Angola;801129;474212
2016;19021900;Outras massas alimentícias não cozidas, nem recheadas, nem preparadas de outro modo;Angola;764755;929956
2016;17019900;Outros açúcares de cana, beterraba, sacarose químicamente pura, sol.;Guiné-Bissau;618935;1350000
2016;17049020;Caramelos, confeitos, dropes, pastilhas, e produtos semelhantes, sem cacau;Angola;489249;375397
2016;21039021;Condimentos e temperos, compostos, em embalagens imediatas de conteúdo inferior ou igual a 1 kg;Angola;419033;395278
2016;19041000;Produtos à base de cereais, obtidos por expansão ou por torrefação;Angola;221752;65831
2016;18069000;Outros chocolates e preparações alimentícias contendo cacau;Angola;213581;68738
2016;20098990;Sucos (sumo) de outras frutas, não fermentado, sem adição de açúcar;Angola;184372;272390
2016;17019900;Outros açúcares de cana, beterraba, sacarose químicamente pura, sol.;São Tomé e Príncipe;140098;270000
2016;17019900;Outros açúcares de cana, beterraba, sacarose químicamente pura, sol.;Moçambique;123201;298200
2016;21069029;Pós para preparações de cremes, sorvetes, flans, gelatinas ou preparações similares;Cabo Verde;84261;15679
2016;20098990;Sucos (sumo) de outras frutas, não fermentado, sem adição de açúcar;Cabo Verde;61060;31382
2016;21023000;Pós para levedar, preparados;Angola;52333;10447
2016;19023000;Outras massas alimentícias;Cabo Verde;47289;43258
2016;17049020;Caramelos, confeitos, dropes, pastilhas, e produtos semelhantes, sem cacau;Cabo Verde;46785;31000
2016;21069010;Outras preparações para elaboração de bebidas;Angola;40485;7933
2016;18069000;Outros chocolates e preparações alimentícias contendo cacau;Cabo Verde;31723;13632
2016;21039021;Condimentos e temperos, compostos, em embalagens imediatas de conteúdo inferior ou igual a 1 kg;Cabo Verde;20251;5876
2016;21069029;Pós para preparações de cremes, sorvetes, flans, gelatinas ou preparações similares;Angola;18736;5707
2016;21069029;Pós para preparações de cremes, sorvetes, flans, gelatinas ou preparações similares;Moçambique;18301;1938
2016;12119090;Outras plantas e partes, para perfumaria, medicina e semelhantes;Moçambique;16521;423
2016;21069010;Outras preparações para elaboração de bebidas;Guiné-Bissau;16502;3000
2016;12119090;Outras plantas e partes, para perfumaria, medicina e semelhantes;Angola;16393;3860
2016;11081200;Amido de milho;Angola;15641;5675
2016;17049020;Caramelos, confeitos, dropes, pastilhas, e produtos semelhantes, sem cacau;Moçambique;15130;13680
2016;20052000;Batatas, preparados ou conservados, exceto em vinagre ou em ácido acético, não congelados;Angola;13002;1278
2016;21041019;Outras preparações para caldos e sopas;Angola;10891;4182
2016;19019090;Outras preparações alimentícias de farinhas, etc, cacau < 40%;Angola;10618;5350
2016;18069000;Outros chocolates e preparações alimentícias contendo cacau;São Tomé e Príncipe;10356;4456
2016;19023000;Outras massas alimentícias;Guiné-Bissau;9300;3150
2016;20059900;Outros produtos hortícolas, preparados ou conservados, exceto em vinagre ou em ácido acético, não congelados;Cabo Verde;9006;9562
2016;21041011;Preparações para caldos e sopas, em embalagens imediatas de conteúdo inferior ou igual a 1 kg;Cabo Verde;8840;3121
2016;19021900;Outras massas alimentícias não cozidas, nem recheadas, nem preparadas de outro modo;Cabo Verde;8417;10488
2016;19023000;Outras massas alimentícias;Angola;7996;3964
2016;35030019;Outras gelatinas e seus derivados;Angola;4851;89
2016;08011100;Cocos, frescos ou secos, dessecados;Angola;4315;503
2016;11041200;Grãos de aveia, esmagados ou em flocos;Angola;3640;783
2016;21069021;Pós para a fabricação de pudins, em embalagens imediatas de conteúdo inferior ou igual a 1 kg;Angola;3632;467
2016;19019090;Outras preparações alimentícias de farinhas, etc, cacau < 40%;São Tomé e Príncipe;3489;1993
2016;18061000;Cacau em pó, com adição de açúcar ou outros edulcorantes;Angola;2568;644
2016;21021090;Outras leveduras vivas;Angola;2443;360
2016;17049020;Caramelos, confeitos, dropes, pastilhas, e produtos semelhantes, sem cacau;São Tomé e Príncipe;2102;1886
2016;11041200;Grãos de aveia, esmagados ou em flocos;Cabo Verde;2020;598
2016;19030000;Tapioca e seus sucedâneos preparados a partir de féculas, em flocos, grumos, grãos, pérolas ou formas semelhantes;Angola;2016;498
2016;12119090;Outras plantas e partes, para perfumaria, medicina e semelhantes;Cabo Verde;1956;146
2016;09109900;Outras especiarias;Angola;1638;356
2016;08011100;Cocos, frescos ou secos, dessecados;Cabo Verde;1371;408
2016;19021900;Outras massas alimentícias não cozidas, nem recheadas, nem preparadas de outro modo;Moçambique;1193;1020
2016;11029000;Farinha de outros cereais;Angola;1068;900
2016;20059900;Outros produtos hortícolas, preparados ou conservados, exceto em vinagre ou em ácido acético, não congelados;São Tomé e Príncipe;760;912
2016;21039029;Outros condimentos e temperos, compostos;Cabo Verde;572;422
2016;20052000;Batatas, preparados ou conservados, exceto em vinagre ou em ácido acético, não congelados;Cabo Verde;433;56
2016;12040090;Outras sementes de linho (linhaça), mesmo trituradas;Cabo Verde;340;114
2016;11029000;Farinha de outros cereais;Cabo Verde;330;120
2016;19019090;Outras preparações alimentícias de farinhas, etc, cacau < 40%;Cabo Verde;295;289
2016;18069000;Outros chocolates e preparações alimentícias contendo cacau;Moçambique;286;15
2016;18061000;Cacau em pó, com adição de açúcar ou outros edulcorantes;Cabo Verde;264;48
2016;12040090;Outras sementes de linho (linhaça), mesmo trituradas;Angola;113;14
2016;12079990;Outras sementes e frutos oleaginosos, mesmo triturados;Angola;70;7
2015;17019900;Outros açúcares de cana, beterraba, sacarose químicamente pura, sol.;Angola;81107917;227737671
2015;17019900;Outros açúcares de cana, beterraba, sacarose químicamente pura, sol.;Cabo Verde;4735132;12932408
2015;20059900;Outros produtos hortícolas, preparados ou conservados, exceto em vinagre ou em ácido acético, não congelados;Angola;1299845;1803348
2015;21041011;Preparações para caldos e sopas, em embalagens imediatas de conteúdo inferior ou igual a 1 kg;Angola;998620;533935
2015;17049020;Caramelos, confeitos, dropes, pastilhas, e produtos semelhantes, sem cacau;Angola;996562;656165
2015;17019900;Outros açúcares de cana, beterraba, sacarose químicamente pura, sol.;Guiné-Bissau;901397;2565000
2015;17019900;Outros açúcares de cana, beterraba, sacarose químicamente pura, sol.;Moçambique;687118;1890000
2015;18069000;Outros chocolates e preparações alimentícias contendo cacau;Angola;638449;149126
2015;21069010;Outras preparações para elaboração de bebidas;Cabo Verde;521221;154744
2015;21039021;Condimentos e temperos, compostos, em embalagens imediatas de conteúdo inferior ou igual a 1 kg;Angola;272213;168108
2015;17049020;Caramelos, confeitos, dropes, pastilhas, e produtos semelhantes, sem cacau;Moçambique;237565;170742
2015;21069029;Pós para preparações de cremes, sorvetes, flans, gelatinas ou preparações similares;Angola;217419;90546
2015;17049020;Caramelos, confeitos, dropes, pastilhas, e produtos semelhantes, sem cacau;Cabo Verde;148102;100943
2015;19041000;Produtos à base de cereais, obtidos por expansão ou por torrefação;Angola;125429;59158
2015;21069029;Pós para preparações de cremes, sorvetes, flans, gelatinas ou preparações similares;Cabo Verde;81433;14194
2015;19021900;Outras massas alimentícias não cozidas, nem recheadas, nem preparadas de outro modo;Angola;80162;97892
2015;20098990;Sucos (sumo) de outras frutas, não fermentado, sem adição de açúcar;Angola;72636;31934
2015;17019900;Outros açúcares de cana, beterraba, sacarose químicamente pura, sol.;São Tomé e Príncipe;47351;135000
2015;18069000;Outros chocolates e preparações alimentícias contendo cacau;Cabo Verde;44313;22541
2015;19019090;Outras preparações alimentícias de farinhas, etc, cacau < 40%;Angola;43189;15699
2015;19023000;Outras massas alimentícias;Cabo Verde;35199;24725
2015;21069029;Pós para preparações de cremes, sorvetes, flans, gelatinas ou preparações similares;Moçambique;34819;3945
2015;21039021;Condimentos e temperos, compostos, em embalagens imediatas de conteúdo inferior ou igual a 1 kg;Cabo Verde;27701;5849
2015;20098990;Sucos (sumo) de outras frutas, não fermentado, sem adição de açúcar;Cabo Verde;21870;9948
2015;20052000;Batatas, preparados ou conservados, exceto em vinagre ou em ácido acético, não congelados;Angola;17796;2260
2015;12119090;Outras plantas e partes, para perfumaria, medicina e semelhantes;Moçambique;15819;398
2015;19021900;Outras massas alimentícias não cozidas, nem recheadas, nem preparadas de outro modo;Cabo Verde;14221;13463
2015;21069021;Pós para a fabricação de pudins, em embalagens imediatas de conteúdo inferior ou igual a 1 kg;Angola;14139;2215
2015;18069000;Outros chocolates e preparações alimentícias contendo cacau;Moçambique;13443;5153
2015;18069000;Outros chocolates e preparações alimentícias contendo cacau;São Tomé e Príncipe;13070;5638
2015;17049020;Caramelos, confeitos, dropes, pastilhas, e produtos semelhantes, sem cacau;São Tomé e Príncipe;12491;10230
2015;21039021;Condimentos e temperos, compostos, em embalagens imediatas de conteúdo inferior ou igual a 1 kg;Moçambique;11351;8772
2015;21069010;Outras preparações para elaboração de bebidas;Angola;10591;1221
2015;20052000;Batatas, preparados ou conservados, exceto em vinagre ou em ácido acético, não congelados;Moçambique;10576;1262
2015;19023000;Outras massas alimentícias;Angola;10380;10085
2015;21041011;Preparações para caldos e sopas, em embalagens imediatas de conteúdo inferior ou igual a 1 kg;Cabo Verde;9748;2784
2015;19041000;Produtos à base de cereais, obtidos por expansão ou por torrefação;Cabo Verde;9453;3350
2015;20052000;Batatas, preparados ou conservados, exceto em vinagre ou em ácido acético, não congelados;Cabo Verde;8791;1452
2015;09041200;Pimenta (do gênero Piper), triturada ou em pó;Angola;7691;301
2015;19019090;Outras preparações alimentícias de farinhas, etc, cacau < 40%;Cabo Verde;7591;6895
2015;11041200;Grãos de aveia, esmagados ou em flocos;Cabo Verde;7571;2280
2015;11041200;Grãos de aveia, esmagados ou em flocos;Angola;6875;2303
2015;19019090;Outras preparações alimentícias de farinhas, etc, cacau < 40%;Moçambique;5970;1837
2015;19030000;Tapioca e seus sucedâneos preparados a partir de féculas, em flocos, grumos, grãos, pérolas ou formas semelhantes;Angola;5095;1590
2015;18061000;Cacau em pó, com adição de açúcar ou outros edulcorantes;Angola;4434;1169
2015;20059900;Outros produtos hortícolas, preparados ou conservados, exceto em vinagre ou em ácido acético, não congelados;Cabo Verde;3884;2112
2015;09109900;Outras especiarias;Angola;3774;235
2015;19021900;Outras massas alimentícias não cozidas, nem recheadas, nem preparadas de outro modo;Moçambique;3141;3265
2015;09062000;Canela e flores de caneleira, trituradas ou em pó;Angola;3006;196
2015;19023000;Outras massas alimentícias;Moçambique;2952;2069
2015;21041019;Outras preparações para caldos e sopas;Cabo Verde;2434;800
2015;11041200;Grãos de aveia, esmagados ou em flocos;Moçambique;1820;516
2015;08011100;Cocos, frescos ou secos, dessecados;Angola;1736;130
2015;11081200;Amido de milho;Angola;1466;780
2015;11081200;Amido de milho;Moçambique;1350;654
2015;21039029;Outros condimentos e temperos, compostos;Angola;1322;512
2015;11029000;Farinha de outros cereais;Cabo Verde;936;336
2015;11029000;Farinha de outros cereais;Angola;929;271
2015;20059900;Outros produtos hortícolas, preparados ou conservados, exceto em vinagre ou em ácido acético, não congelados;Moçambique;912;80
2015;09081100;Noz-moscada, não triturada nem em pó;Angola;892;10
2015;21021090;Outras leveduras vivas;Angola;851;200
2015;28363000;Hidrogenocarbonato (bicarbonato) de sódio;Angola;804;161
2015;07129090;"Outros produtos hortícolas; misturas de produtos hortícolas, secos, inclusive pedaços, fatias, etc";Angola;731;48
2015;09103000;Açafrão-da-terra (curcuma);Angola;685;60
2015;19019090;Outras preparações alimentícias de farinhas, etc, cacau < 40%;São Tomé e Príncipe;573;310
2015;12040090;Outras sementes de linho (linhaça), mesmo trituradas;Cabo Verde;523;192
2015;11029000;Farinha de outros cereais;Moçambique;522;180
2015;09101200;Gengibre, triturado ou em pó;Angola;508;18
2015;09061100;Canela (Cinnamomum zeylanicum blume) e flores de caneleira, não trituradas nem em pó;Angola;479;24
2015;19030000;Tapioca e seus sucedâneos preparados a partir de féculas, em flocos, grumos, grãos, pérolas ou formas semelhantes;Moçambique;342;120
2015;09092100;Sementes de coentro, não trituradas nem em pó;Angola;288;20
2015;19030000;Tapioca e seus sucedâneos preparados a partir de féculas, em flocos, grumos, grãos, pérolas ou formas semelhantes;Cabo Verde;256;90
2015;28369913;Carbonatos de amônio comercial e outros carbonatos de amônio;Angola;174;3
2015;12040090;Outras sementes de linho (linhaça), mesmo trituradas;Angola;160;58
2015;12119090;Outras plantas e partes, para perfumaria, medicina e semelhantes;Cabo Verde;140;10
2015;17019100;Outros açúcares de cana, beterraba, com aromatizante corante;Angola;63;5
2015;35030019;Outras gelatinas e seus derivados;Angola;23;2
2015;09096110;Sementes de anis (erva-doce), não trituradas nem em pó;Angola;4;0
2014;17019900;Outros açúcares de cana, beterraba, sacarose químicamente pura, sol.;Angola;177695553;407081265
2014;17019900;Outros açúcares de cana, beterraba, sacarose químicamente pura, sol.;Cabo Verde;6397773;14972500
2014;18069000;Outros chocolates e preparações alimentícias contendo cacau;Angola;3927607;910744
2014;17049020;Caramelos, confeitos, dropes, pastilhas, e produtos semelhantes, sem cacau;Angola;2388329;1483182
2014;20059900;Outros produtos hortícolas, preparados ou conservados, exceto em vinagre ou em ácido acético, não congelados;Angola;1809068;2611160
2014;21041011;Preparações para caldos e sopas, em embalagens imediatas de conteúdo inferior ou igual a 1 kg;Angola;1314984;556448
2014;21039021;Condimentos e temperos, compostos, em embalagens imediatas de conteúdo inferior ou igual a 1 kg;Angola;1192609;920456
2014;17019900;Outros açúcares de cana, beterraba, sacarose químicamente pura, sol.;Guiné-Bissau;1091946;2565000
2014;21069010;Outras preparações para elaboração de bebidas;Cabo Verde;568113;141579
2014;21069029;Pós para preparações de cremes, sorvetes, flans, gelatinas ou preparações similares;Angola;506102;152271
2014;17049020;Caramelos, confeitos, dropes, pastilhas, e produtos semelhantes, sem cacau;Moçambique;465031;304443
2014;19041000;Produtos à base de cereais, obtidos por expansão ou por torrefação;Angola;179544;73808
2014;19021900;Outras massas alimentícias não cozidas, nem recheadas, nem preparadas de outro modo;Cabo Verde;161284;176744
2014;20098990;Sucos (sumo) de outras frutas, não fermentado, sem adição de açúcar;Angola;103515;26275
2014;12119090;Outras plantas e partes, para perfumaria, medicina e semelhantes;Angola;101228;10739
2014;21069010;Outras preparações para elaboração de bebidas;Angola;99131;15484
2014;17049020;Caramelos, confeitos, dropes, pastilhas, e produtos semelhantes, sem cacau;Cabo Verde;75288;36701
2014;09041200;Pimenta (do gênero Piper), triturada ou em pó;Angola;74564;25219
2014;19019090;Outras preparações alimentícias de farinhas, etc, cacau < 40%;Angola;68624;26751
2014;21069029;Pós para preparações de cremes, sorvetes, flans, gelatinas ou preparações similares;Cabo Verde;68028;12542
2014;20098990;Sucos (sumo) de outras frutas, não fermentado, sem adição de açúcar;Cabo Verde;60699;28919
2014;21069029;Pós para preparações de cremes, sorvetes, flans, gelatinas ou preparações similares;Moçambique;56729;5951
2014;19021900;Outras massas alimentícias não cozidas, nem recheadas, nem preparadas de outro modo;Angola;53877;37654
2014;20052000;Batatas, preparados ou conservados, exceto em vinagre ou em ácido acético, não congelados;Angola;46632;6363
2014;21041019;Outras preparações para caldos e sopas;Angola;42706;25759
2014;18069000;Outros chocolates e preparações alimentícias contendo cacau;Guiné-Bissau;40858;21126
2014;19023000;Outras massas alimentícias;Cabo Verde;26861;15327
2014;11081200;Amido de milho;Angola;26256;13912
2014;18069000;Outros chocolates e preparações alimentícias contendo cacau;Cabo Verde;19039;8762
2014;18069000;Outros chocolates e preparações alimentícias contendo cacau;Moçambique;18113;9185
2014;19021900;Outras massas alimentícias não cozidas, nem recheadas, nem preparadas de outro modo;Moçambique;17934;11773
2014;11041200;Grãos de aveia, esmagados ou em flocos;Angola;17218;6350
2014;21041011;Preparações para caldos e sopas, em embalagens imediatas de conteúdo inferior ou igual a 1 kg;Cabo Verde;14527;3000
2014;21039021;Condimentos e temperos, compostos, em embalagens imediatas de conteúdo inferior ou igual a 1 kg;Cabo Verde;13905;2697
2014;12119090;Outras plantas e partes, para perfumaria, medicina e semelhantes;Moçambique;12958;330
2014;19023000;Outras massas alimentícias;Angola;11680;6297
2014;18061000;Cacau em pó, com adição de açúcar ou outros edulcorantes;Angola;10468;2718
2014;09109900;Outras especiarias;Angola;8954;736
2014;21039021;Condimentos e temperos, compostos, em embalagens imediatas de conteúdo inferior ou igual a 1 kg;Moçambique;8116;4414
2014;17019100;Outros açúcares de cana, beterraba, com aromatizante corante;Angola;8105;2094
2014;20052000;Batatas, preparados ou conservados, exceto em vinagre ou em ácido acético, não congelados;Cabo Verde;5579;724
2014;19030000;Tapioca e seus sucedâneos preparados a partir de féculas, em flocos, grumos, grãos, pérolas ou formas semelhantes;Angola;4911;1782
2014;19041000;Produtos à base de cereais, obtidos por expansão ou por torrefação;Cabo Verde;4712;708
2014;09062000;Canela e flores de caneleira, trituradas ou em pó;Angola;4100;338
2014;21039029;Outros condimentos e temperos, compostos;Angola;3223;832
2014;21021090;Outras leveduras vivas;Angola;2957;510
2014;20059900;Outros produtos hortícolas, preparados ou conservados, exceto em vinagre ou em ácido acético, não congelados;Cabo Verde;2670;1440
2014;18061000;Cacau em pó, com adição de açúcar ou outros edulcorantes;Cabo Verde;2475;480
2014;11029000;Farinha de outros cereais;Angola;2458;386
2014;12040090;Outras sementes de linho (linhaça), mesmo trituradas;Angola;2357;530
2014;21069021;Pós para a fabricação de pudins, em embalagens imediatas de conteúdo inferior ou igual a 1 kg;Moçambique;2238;463
2014;21023000;Pós para levedar, preparados;Angola;2165;480
2014;11041200;Grãos de aveia, esmagados ou em flocos;Cabo Verde;2043;695
2014;19023000;Outras massas alimentícias;Moçambique;1860;1458
2014;19021900;Outras massas alimentícias não cozidas, nem recheadas, nem preparadas de outro modo;Guiné-Bissau;1826;1960
2014;28363000;Hidrogenocarbonato (bicarbonato) de sódio;Angola;1488;668
2014;21069021;Pós para a fabricação de pudins, em embalagens imediatas de conteúdo inferior ou igual a 1 kg;Angola;1456;279
2014;18050000;Cacau em pó, sem adição de açúcar ou outros edulcorantes;Angola;1298;160
2014;18061000;Cacau em pó, com adição de açúcar ou outros edulcorantes;Moçambique;1238;252
2014;09041100;Pimenta (do gênero Piper), não triturada nem em pó;Angola;1199;55
2014;12079990;Outras sementes e frutos oleaginosos, mesmo triturados;Angola;1144;165
2014;08011100;Cocos, frescos ou secos, dessecados;Moçambique;967;120
2014;12040090;Outras sementes de linho (linhaça), mesmo trituradas;Cabo Verde;552;232
2014;09092100;Sementes de coentro, não trituradas nem em pó;Angola;499;38
2014;19019090;Outras preparações alimentícias de farinhas, etc, cacau < 40%;Guiné-Bissau;490;136
2014;09081200;Noz-moscada, triturada ou em pó;Angola;360;94
2014;07129090;"Outros produtos hortícolas; misturas de produtos hortícolas, secos, inclusive pedaços, fatias, etc";Angola;352;92
2014;08011100;Cocos, frescos ou secos, dessecados;Angola;252;19
2014;09101200;Gengibre, triturado ou em pó;Angola;212;9
2014;09071000;Cravo-da-índia (frutos, flores e pedúnculos), não triturado nem em pó;Angola;129;4
2014;11029000;Farinha de outros cereais;Cabo Verde;76;29
2014;11081200;Amido de milho;Moçambique;54;40
2014;35030019;Outras gelatinas e seus derivados;Angola;37;2
2014;28363000;Hidrogenocarbonato (bicarbonato) de sódio;Moçambique;34;25
2014;09042200;Pimentões e pimentas dos gêneros Capsicum ou Pimenta, triturados ou em pó;Angola;18;10
2014;21039021;Condimentos e temperos, compostos, em embalagens imediatas de conteúdo inferior ou igual a 1 kg;Guiné-Bissau;8;5
2014;11081200;Amido de milho;Guiné-Bissau;4;1
2014;20098990;Sucos (sumo) de outras frutas, não fermentado, sem adição de açúcar;Guiné-Bissau;2;0
2014;21023000;Pós para levedar, preparados;Guiné-Bissau;1;0
