Código NCM,Descrição NCM,Países,caso,anos_ativos,maior_parada,valor_total,peso,posicao_no_caso,posicao
07129090,"Outros produtos hortícolas; misturas de produtos hortícolas, secos, inclusive pedaços, fatias, etc",Guiné-Bissau,surgimento,2,10,41,30,11,1
07129090,"Outros produtos hortícolas; misturas de produtos hortícolas, secos, inclusive pedaços, fatias, etc",Moçambique,surgimento,1,11,99,30,14,2
07129090,"Outros produtos hortícolas; misturas de produtos hortícolas, secos, inclusive pedaços, fatias, etc",Angola,intermitente,5,4,4607,20,42,3
07129090,"Outros produtos hortícolas; misturas de produtos hortícolas, secos, inclusive pedaços, fatias, etc",Cabo Verde,nunca exportou,0,12,0,0,999,4
07129090,"Outros produtos hortícolas; misturas de produtos hortícolas, secos, inclusive pedaços, fatias, etc",São Tomé e Príncipe,nunca exportou,0,12,0,0,999,5
08011100,"Cocos, frescos ou secos, dessecados",Angola,continuidade,12,0,97477,35,26,1
08011100,"Cocos, frescos ou secos, dessecados",Cabo Verde,intermitente,8,2,8221,20,26,2
08011100,"Cocos, frescos ou secos, dessecados",Moçambique,intermitente,2,5,1045,20,61,3
08011100,"Cocos, frescos ou secos, dessecados",São Tomé e Príncipe,intermitente,1,8,162,20,93,4
08011100,"Cocos, frescos ou secos, dessecados",Guiné-Bissau,intermitente,1,10,50,20,118,5
09041100,"Pimenta (do gênero Piper), não triturada nem em pó",Angola,intermitente,5,2,1873,20,29,1
09041100,"Pimenta (do gênero Piper), não triturada nem em pó",Cabo Verde,intermitente,1,9,1,20,108,2
09041100,"Pimenta (do gênero Piper), não triturada nem em pó",Guiné-Bissau,intermitente,1,10,22,20,121,3
09041100,"Pimenta (do gênero Piper), não triturada nem em pó",Moçambique,nunca exportou,0,12,0,0,999,4
09041100,"Pimenta (do gênero Piper), não triturada nem em pó",São Tomé e Príncipe,nunca exportou,0,12,0,0,999,5
09041200,"Pimenta (do gênero Piper), triturada ou em pó",Guiné-Bissau,surgimento,2,10,128,30,10,1
09041200,"Pimenta (do gênero Piper), triturada ou em pó",Angola,intermitente,7,4,93081,20,38,2
09041200,"Pimenta (do gênero Piper), triturada ou em pó",São Tomé e Príncipe,intermitente,2,7,293,20,80,3
09041200,"Pimenta (do gênero Piper), triturada ou em pó",Cabo Verde,intermitente,1,9,198,20,103,4
09041200,"Pimenta (do gênero Piper), triturada ou em pó",Moçambique,nunca exportou,0,12,0,0,999,5
09042200,"Pimentões e pimentas dos gêneros Capsicum ou Pimenta, triturados ou em pó",Angola,intermitente,3,5,232,20,65,1
09042200,"Pimentões e pimentas dos gêneros Capsicum ou Pimenta, triturados ou em pó",São Tomé e Príncipe,intermitente,2,7,122,20,83,2
09042200,"Pimentões e pimentas dos gêneros Capsicum ou Pimenta, triturados ou em pó",Guiné-Bissau,intermitente,1,10,45,20,119,3
09042200,"Pimentões e pimentas dos gêneros Capsicum ou Pimenta, triturados ou em pó",Cabo Verde,nunca exportou,0,12,0,0,999,4
09042200,"Pimentões e pimentas dos gêneros Capsicum ou Pimenta, triturados ou em pó",Moçambique,nunca exportou,0,12,0,0,999,5
09061100,"Canela (Cinnamomum zeylanicum blume) e flores de caneleira, não trituradas nem em pó",Angola,intermitente,4,5,1798,20,57,1
09061100,"Canela (Cinnamomum zeylanicum blume) e flores de caneleira, não trituradas nem em pó",Moçambique,intermitente,1,9,142,20,104,2
09061100,"Canela (Cinnamomum zeylanicum blume) e flores de caneleira, não trituradas nem em pó",Cabo Verde,nunca exportou,0,12,0,0,999,3
09061100,"Canela (Cinnamomum zeylanicum blume) e flores de caneleira, não trituradas nem em pó",Guiné-Bissau,nunca exportou,0,12,0,0,999,4
09061100,"Canela (Cinnamomum zeylanicum blume) e flores de caneleira, não trituradas nem em pó",São Tomé e Príncipe,nunca exportou,0,12,0,0,999,5
09062000,"Canela e flores de caneleira, trituradas ou em pó",Angola,intermitente,7,4,13608,20,40,1
09062000,"Canela e flores de caneleira, trituradas ou em pó",São Tomé e Príncipe,intermitente,1,8,36,20,94,2
09062000,"Canela e flores de caneleira, trituradas ou em pó",Moçambique,intermitente,1,9,213,20,102,3
09062000,"Canela e flores de caneleira, trituradas ou em pó",Cabo Verde,nunca exportou,0,12,0,0,999,4
09062000,"Canela e flores de caneleira, trituradas ou em pó",Guiné-Bissau,nunca exportou,0,12,0,0,999,5
09071000,"Cravo-da-índia (frutos, flores e pedúnculos), não triturado nem em pó",Angola,intermitente,2,7,246,20,82,1
09071000,"Cravo-da-índia (frutos, flores e pedúnculos), não triturado nem em pó",Cabo Verde,nunca exportou,0,12,0,0,999,2
09071000,"Cravo-da-índia (frutos, flores e pedúnculos), não triturado nem em pó",Guiné-Bissau,nunca exportou,0,12,0,0,999,3
09071000,"Cravo-da-índia (frutos, flores e pedúnculos), não triturado nem em pó",Moçambique,nunca exportou,0,12,0,0,999,4
09071000,"Cravo-da-índia (frutos, flores e pedúnculos), não triturado nem em pó",São Tomé e Príncipe,nunca exportou,0,12,0,0,999,5
09081100,"Noz-moscada, não triturada nem em pó",Angola,intermitente,3,6,1148,20,72,1
09081100,"Noz-moscada, não triturada nem em pó",Cabo Verde,nunca exportou,0,12,0,0,999,2
09081100,"Noz-moscada, não triturada nem em pó",Guiné-Bissau,nunca exportou,0,12,0,0,999,3
09081100,"Noz-moscada, não triturada nem em pó",Moçambique,nunca exportou,0,12,0,0,999,4
09081100,"Noz-moscada, não triturada nem em pó",São Tomé e Príncipe,nunca exportou,0,12,0,0,999,5
09081200,"Noz-moscada, triturada ou em pó",Angola,intermitente,2,5,443,20,64,1
09081200,"Noz-moscada, triturada ou em pó",Cabo Verde,nunca exportou,0,12,0,0,999,2
09081200,"Noz-moscada, triturada ou em pó",Guiné-Bissau,nunca exportou,0,12,0,0,999,3
09081200,"Noz-moscada, triturada ou em pó",Moçambique,nunca exportou,0,12,0,0,999,4
09081200,"Noz-moscada, triturada ou em pó",São Tomé e Príncipe,nunca exportou,0,12,0,0,999,5
09092100,"Sementes de coentro, não trituradas nem em pó",Angola,intermitente,9,1,4189,20,18,1
09092100,"Sementes de coentro, não trituradas nem em pó",Moçambique,intermitente,1,8,250,20,91,2
09092100,"Sementes de coentro, não trituradas nem em pó",Cabo Verde,nunca exportou,0,12,0,0,999,3
09092100,"Sementes de coentro, não trituradas nem em pó",Guiné-Bissau,nunca exportou,0,12,0,0,999,4
09092100,"Sementes de coentro, não trituradas nem em pó",São Tomé e Príncipe,nunca exportou,0,12,0,0,999,5
09096110,"Sementes de anis (erva-doce), não trituradas nem em pó",São Tomé e Príncipe,surgimento,1,11,11,30,17,1
09096110,"Sementes de anis (erva-doce), não trituradas nem em pó",Cabo Verde,intermitente,5,3,3213,20,34,2
09096110,"Sementes de anis (erva-doce), não trituradas nem em pó",Angola,intermitente,5,3,2095,20,35,3
09096110,"Sementes de anis (erva-doce), não trituradas nem em pó",Moçambique,intermitente,3,5,884,20,63,4
09096110,"Sementes de anis (erva-doce), não trituradas nem em pó",Guiné-Bissau,nunca exportou,0,12,0,0,999,5
09096120,"Sementes de badiana (anis-estrelado), não triturado nem em pó",São Tomé e Príncipe,surgimento,1,11,31,30,15,1
09096120,"Sementes de badiana (anis-estrelado), não triturado nem em pó",Angola,intermitente,1,7,338,20,79,2
09096120,"Sementes de badiana (anis-estrelado), não triturado nem em pó",Guiné-Bissau,intermitente,1,10,245,20,111,3
09096120,"Sementes de badiana (anis-estrelado), não triturado nem em pó",Cabo Verde,nunca exportou,0,12,0,0,999,4
09096120,"Sementes de badiana (anis-estrelado), não triturado nem em pó",Moçambique,nunca exportou,0,12,0,0,999,5
09101200,"Gengibre, triturado ou em pó",Angola,intermitente,4,4,1210,20,47,1
09101200,"Gengibre, triturado ou em pó",Cabo Verde,intermitente,1,9,86,20,106,2
09101200,"Gengibre, triturado ou em pó",Guiné-Bissau,nunca exportou,0,12,0,0,999,3
09101200,"Gengibre, triturado ou em pó",Moçambique,nunca exportou,0,12,0,0,999,4
09101200,"Gengibre, triturado ou em pó",São Tomé e Príncipe,nunca exportou,0,12,0,0,999,5
09103000,Açafrão-da-terra (curcuma),Angola,intermitente,6,4,840,20,49,1
09103000,Açafrão-da-terra (curcuma),Cabo Verde,nunca exportou,0,12,0,0,999,2
09103000,Açafrão-da-terra (curcuma),Guiné-Bissau,nunca exportou,0,12,0,0,999,3
09103000,Açafrão-da-terra (curcuma),Moçambique,nunca exportou,0,12,0,0,999,4
09103000,Açafrão-da-terra (curcuma),São Tomé e Príncipe,nunca exportou,0,12,0,0,999,5
09109900,Outras especiarias,Guiné-Bissau,surgimento,2,10,177,30,9,1
09109900,Outras especiarias,São Tomé e Príncipe,intermitente,2,7,86,20,84,2
09109900,Outras especiarias,Moçambique,intermitente,1,9,307,20,101,3
09109900,Outras especiarias,Angola,descontinuidade,10,2,18763,15,2,4
09109900,Outras especiarias,Cabo Verde,nunca exportou,0,12,0,0,999,5
11029000,Farinha de outros cereais,Angola,intermitente,9,1,8576,20,16,1
11029000,Farinha de outros cereais,Cabo Verde,intermitente,8,2,3920,20,27,2
11029000,Farinha de outros cereais,Moçambique,intermitente,3,5,954,20,62,3
11029000,Farinha de outros cereais,Guiné-Bissau,nunca exportou,0,12,0,0,999,4
11029000,Farinha de outros cereais,São Tomé e Príncipe,nunca exportou,0,12,0,0,999,5
11041200,"Grãos de aveia, esmagados ou em flocos",Cabo Verde,intermitente,11,1,25232,20,13,1
11041200,"Grãos de aveia, esmagados ou em flocos",Moçambique,intermitente,3,4,3091,20,44,2
11041200,"Grãos de aveia, esmagados ou em flocos",São Tomé e Príncipe,intermitente,1,8,255,20,90,3
11041200,"Grãos de aveia, esmagados ou em flocos",Guiné-Bissau,intermitente,1,10,12,20,124,4
11041200,"Grãos de aveia, esmagados ou em flocos",Angola,descontinuidade,11,1,48435,15,1,5
11081200,Amido de milho,Angola,intermitente,11,1,71494,20,10,1
11081200,Amido de milho,Moçambique,intermitente,5,2,2531,20,28,2
11081200,Amido de milho,Cabo Verde,intermitente,5,4,1185,20,48,3
11081200,Amido de milho,São Tomé e Príncipe,intermitente,1,8,211,20,92,4
11081200,Amido de milho,Guiné-Bissau,intermitente,2,9,11,20,107,5
12040090,"Outras sementes de linho (linhaça), mesmo trituradas",Cabo Verde,intermitente,6,5,2096,20,56,1
12040090,"Outras sementes de linho (linhaça), mesmo trituradas",Moçambique,intermitente,1,6,139,20,73,2
12040090,"Outras sementes de linho (linhaça), mesmo trituradas",Angola,descontinuidade,10,2,4053,15,3,3
12040090,"Outras sementes de linho (linhaça), mesmo trituradas",Guiné-Bissau,nunca exportou,0,12,0,0,999,4
12040090,"Outras sementes de linho (linhaça), mesmo trituradas",São Tomé e Príncipe,nunca exportou,0,12,0,0,999,5
12079990,"Outras sementes e frutos oleaginosos, mesmo triturados",Angola,intermitente,10,1,7155,20,17,1
12079990,"Outras sementes e frutos oleaginosos, mesmo triturados",Cabo Verde,intermitente,2,9,679,20,98,2
12079990,"Outras sementes e frutos oleaginosos, mesmo triturados",Guiné-Bissau,nunca exportou,0,12,0,0,999,3
12079990,"Outras sementes e frutos oleaginosos, mesmo triturados",Moçambique,nunca exportou,0,12,0,0,999,4
12079990,"Outras sementes e frutos oleaginosos, mesmo triturados",São Tomé e Príncipe,nunca exportou,0,12,0,0,999,5
12119090,"Outras plantas e partes, para perfumaria, medicina e semelhantes",Cabo Verde,surgimento,11,1,26279,30,3,1
12119090,"Outras plantas e partes, para perfumaria, medicina e semelhantes",Guiné-Bissau,surgimento,2,10,207,30,8,2
12119090,"Outras plantas e partes, para perfumaria, medicina e semelhantes",Moçambique,intermitente,11,1,341437,20,4,3
12119090,"Outras plantas e partes, para perfumaria, medicina e semelhantes",Angola,intermitente,10,1,220862,20,5,4
12119090,"Outras plantas e partes, para perfumaria, medicina e semelhantes",São Tomé e Príncipe,nunca exportou,0,12,0,0,999,5
17019100,"Outros açúcares de cana, beterraba, com aromatizante corante",São Tomé e Príncipe,surgimento,1,11,106,30,13,1
17019100,"Outros açúcares de cana, beterraba, com aromatizante corante",Angola,intermitente,6,3,9392,20,32,2
17019100,"Outros açúcares de cana, beterraba, com aromatizante corante",Moçambique,intermitente,4,5,16473,20,53,3
17019100,"Outros açúcares de cana, beterraba, com aromatizante corante",Cabo Verde,intermitente,4,6,3552,20,71,4
17019100,"Outros açúcares de cana, beterraba, com aromatizante corante",Guiné-Bissau,nunca exportou,0,12,0,0,999,5
17019900,"Outros açúcares de cana, beterraba, sacarose químicamente pura, sol.",Angola,continuidade,12,0,1253681500,35,1,1
17019900,"Outros açúcares de cana, beterraba, sacarose químicamente pura, sol.",Cabo Verde,continuidade,12,0,63298939,35,2,2
17019900,"Outros açúcares de cana, beterraba, sacarose químicamente pura, sol.",Guiné-Bissau,continuidade,12,0,9535469,35,4,3
17019900,"Outros açúcares de cana, beterraba, sacarose químicamente pura, sol.",São Tomé e Príncipe,surgimento,11,1,9802227,30,1,4
17019900,"Outros açúcares de cana, beterraba, sacarose químicamente pura, sol.",Moçambique,intermitente,9,2,2075769,20,19,5
17049020,"Caramelos, confeitos, dropes, pastilhas, e produtos semelhantes, sem cacau",Angola,continuidade,12,0,15813949,35,3,1
17049020,"Caramelos, confeitos, dropes, pastilhas, e produtos semelhantes, sem cacau",Moçambique,continuidade,12,0,2432045,35,8,2
17049020,"Caramelos, confeitos, dropes, pastilhas, e produtos semelhantes, sem cacau",Cabo Verde,continuidade,12,0,1867826,35,9,3
17049020,"Caramelos, confeitos, dropes, pastilhas, e produtos semelhantes, sem cacau",São Tomé e Príncipe,surgimento,11,1,812796,30,2,4
17049020,"Caramelos, confeitos, dropes, pastilhas, e produtos semelhantes, sem cacau",Guiné-Bissau,nunca exportou,0,12,0,0,999,5
18050000,"Cacau em pó, sem adição de açúcar ou outros edulcorantes",Angola,intermitente,8,4,136683,20,37,1
18050000,"Cacau em pó, sem adição de açúcar ou outros edulcorantes",Moçambique,intermitente,4,5,5987,20,54,2
18050000,"Cacau em pó, sem adição de açúcar ou outros edulcorantes",Cabo Verde,intermitente,2,5,1224,20,60,3
18050000,"Cacau em pó, sem adição de açúcar ou outros edulcorantes",Guiné-Bissau,intermitente,1,10,13,20,123,4
18050000,"Cacau em pó, sem adição de açúcar ou outros edulcorantes",São Tomé e Príncipe,nunca exportou,0,12,0,0,999,5
18061000,"Cacau em pó, com adição de açúcar ou outros edulcorantes",Angola,continuidade,12,0,83685,35,27,1
18061000,"Cacau em pó, com adição de açúcar ou outros edulcorantes",Moçambique,intermitente,7,2,23823,20,23,2
18061000,"Cacau em pó, com adição de açúcar ou outros edulcorantes",São Tomé e Príncipe,intermitente,2,4,29084,20,39,3
18061000,"Cacau em pó, com adição de açúcar ou outros edulcorantes",Cabo Verde,intermitente,7,4,13582,20,41,4
18061000,"Cacau em pó, com adição de açúcar ou outros edulcorantes",Guiné-Bissau,nunca exportou,0,12,0,0,999,5
18069000,Outros chocolates e preparações alimentícias contendo cacau,Angola,continuidade,12,0,6316996,35,6,1
18069000,Outros chocolates e preparações alimentícias contendo cacau,Cabo Verde,continuidade,12,0,540344,35,18,2
18069000,Outros chocolates e preparações alimentícias contendo cacau,Moçambique,continuidade,12,0,229599,35,20,3
18069000,Outros chocolates e preparações alimentícias contendo cacau,São Tomé e Príncipe,intermitente,5,6,24430,20,67,4
18069000,Outros chocolates e preparações alimentícias contendo cacau,Guiné-Bissau,intermitente,3,9,41508,20,97,5
19012090,"Outras misturas e pastas para a preparação de produtos de padaria, pastelaria e da indústria de bolachas e biscoitos, da posição 19.05",Cabo Verde,surgimento,2,10,16505,30,5,1
19012090,"Outras misturas e pastas para a preparação de produtos de padaria, pastelaria e da indústria de bolachas e biscoitos, da posição 19.05",Moçambique,surgimento,2,10,2995,30,6,2
19012090,"Outras misturas e pastas para a preparação de produtos de padaria, pastelaria e da indústria de bolachas e biscoitos, da posição 19.05",Angola,surgimento,2,10,2472,30,7,3
19012090,"Outras misturas e pastas para a preparação de produtos de padaria, pastelaria e da indústria de bolachas e biscoitos, da posição 19.05",Guiné-Bissau,intermitente,1,10,145,20,114,4
19012090,"Outras misturas e pastas para a preparação de produtos de padaria, pastelaria e da indústria de bolachas e biscoitos, da posição 19.05",São Tomé e Príncipe,nunca exportou,0,12,0,0,999,5
19019090,"Outras preparações alimentícias de farinhas, etc, cacau < 40%",Angola,continuidade,12,0,448515,35,19,1
19019090,"Outras preparações alimentícias de farinhas, etc, cacau < 40%",Cabo Verde,intermitente,10,1,943392,20,3,2
19019090,"Outras preparações alimentícias de farinhas, etc, cacau < 40%",Moçambique,intermitente,8,2,46073,20,20,3
19019090,"Outras preparações alimentícias de farinhas, etc, cacau < 40%",Guiné-Bissau,intermitente,6,5,505696,20,50,4
19019090,"Outras preparações alimentícias de farinhas, etc, cacau < 40%",São Tomé e Príncipe,intermitente,3,8,4130,20,86,5
19021900,"Outras massas alimentícias não cozidas, nem recheadas, nem preparadas de outro modo",Cabo Verde,continuidade,12,0,553552,35,17,1
19021900,"Outras massas alimentícias não cozidas, nem recheadas, nem preparadas de outro modo",Moçambique,continuidade,12,0,162472,35,22,2
19021900,"Outras massas alimentícias não cozidas, nem recheadas, nem preparadas de outro modo",São Tomé e Príncipe,surgimento,1,11,30,30,16,3
19021900,"Outras massas alimentícias não cozidas, nem recheadas, nem preparadas de outro modo",Angola,intermitente,11,1,1030738,20,2,4
19021900,"Outras massas alimentícias não cozidas, nem recheadas, nem preparadas de outro modo",Guiné-Bissau,intermitente,4,6,3837,20,70,5
19023000,Outras massas alimentícias,Cabo Verde,continuidade,12,0,645966,35,14,1
19023000,Outras massas alimentícias,Angola,continuidade,12,0,111403,35,25,2
19023000,Outras massas alimentícias,São Tomé e Príncipe,surgimento,1,11,151,30,12,3
19023000,Outras massas alimentícias,Moçambique,intermitente,8,2,9363,20,25,4
19023000,Outras massas alimentícias,Guiné-Bissau,intermitente,3,7,9665,20,75,5
19030000,"Tapioca e seus sucedâneos preparados a partir de féculas, em flocos, grumos, grãos, pérolas ou formas semelhantes",Angola,intermitente,11,1,85822,20,7,1
19030000,"Tapioca e seus sucedâneos preparados a partir de féculas, em flocos, grumos, grãos, pérolas ou formas semelhantes",Cabo Verde,intermitente,9,1,25054,20,14,2
19030000,"Tapioca e seus sucedâneos preparados a partir de féculas, em flocos, grumos, grãos, pérolas ou formas semelhantes",Moçambique,intermitente,5,2,16297,20,24,3
19030000,"Tapioca e seus sucedâneos preparados a partir de féculas, em flocos, grumos, grãos, pérolas ou formas semelhantes",Guiné-Bissau,intermitente,1,10,21,20,122,4
19030000,"Tapioca e seus sucedâneos preparados a partir de féculas, em flocos, grumos, grãos, pérolas ou formas semelhantes",São Tomé e Príncipe,nunca exportou,0,12,0,0,999,5
19041000,"Produtos à base de cereais, obtidos por expansão ou por torrefação",Angola,continuidade,12,0,694866,35,13,1
19041000,"Produtos à base de cereais, obtidos por expansão ou por torrefação",Cabo Verde,intermitente,11,1,74829,20,9,2
19041000,"Produtos à base de cereais, obtidos por expansão ou por torrefação",Moçambique,intermitente,6,5,54150,20,51,3
19041000,"Produtos à base de cereais, obtidos por expansão ou por torrefação",São Tomé e Príncipe,intermitente,2,5,22280,20,52,4
19041000,"Produtos à base de cereais, obtidos por expansão ou por torrefação",Guiné-Bissau,intermitente,1,10,166,20,113,5
20052000,"Batatas, preparados ou conservados, exceto em vinagre ou em ácido acético, não congelados",Angola,continuidade,12,0,113579,35,24,1
20052000,"Batatas, preparados ou conservados, exceto em vinagre ou em ácido acético, não congelados",Cabo Verde,intermitente,11,1,61382,20,11,2
20052000,"Batatas, preparados ou conservados, exceto em vinagre ou em ácido acético, não congelados",Moçambique,intermitente,7,2,40586,20,21,3
20052000,"Batatas, preparados ou conservados, exceto em vinagre ou em ácido acético, não congelados",São Tomé e Príncipe,intermitente,2,7,843,20,78,4
20052000,"Batatas, preparados ou conservados, exceto em vinagre ou em ácido acético, não congelados",Guiné-Bissau,nunca exportou,0,12,0,0,999,5
20059900,"Outros produtos hortícolas, preparados ou conservados, exceto em vinagre ou em ácido acético, não congelados",Angola,intermitente,10,1,6183964,20,1,1
20059900,"Outros produtos hortícolas, preparados ou conservados, exceto em vinagre ou em ácido acético, não congelados",Cabo Verde,intermitente,11,1,77754,20,8,2
20059900,"Outros produtos hortícolas, preparados ou conservados, exceto em vinagre ou em ácido acético, não congelados",São Tomé e Príncipe,intermitente,2,6,10670,20,69,3
20059900,"Outros produtos hortícolas, preparados ou conservados, exceto em vinagre ou em ácido acético, não congelados",Moçambique,intermitente,1,10,912,20,110,4
20059900,"Outros produtos hortícolas, preparados ou conservados, exceto em vinagre ou em ácido acético, não congelados",Guiné-Bissau,intermitente,1,10,56,20,117,5
20098990,"Sucos (sumo) de outras frutas, não fermentado, sem adição de açúcar",Cabo Verde,continuidade,12,0,1174207,35,10,1
20098990,"Sucos (sumo) de outras frutas, não fermentado, sem adição de açúcar",Angola,continuidade,12,0,744485,35,12,2
20098990,"Sucos (sumo) de outras frutas, não fermentado, sem adição de açúcar",Moçambique,surgimento,7,5,907467,30,4,3
20098990,"Sucos (sumo) de outras frutas, não fermentado, sem adição de açúcar",Guiné-Bissau,intermitente,3,9,100,20,105,4
20098990,"Sucos (sumo) de outras frutas, não fermentado, sem adição de açúcar",São Tomé e Príncipe,nunca exportou,0,12,0,0,999,5
21021090,Outras leveduras vivas,Angola,intermitente,11,1,108613,20,6,1
21021090,Outras leveduras vivas,Cabo Verde,intermitente,3,5,3938,20,55,2
21021090,Outras leveduras vivas,Moçambique,intermitente,1,8,7,20,96,3
21021090,Outras leveduras vivas,Guiné-Bissau,nunca exportou,0,12,0,0,999,4
21021090,Outras leveduras vivas,São Tomé e Príncipe,nunca exportou,0,12,0,0,999,5
21023000,"Pós para levedar, preparados",Angola,intermitente,8,3,164960,20,31,1
21023000,"Pós para levedar, preparados",Cabo Verde,intermitente,4,3,1361,20,36,2
21023000,"Pós para levedar, preparados",Moçambique,intermitente,1,7,247,20,81,3
21023000,"Pós para levedar, preparados",Guiné-Bissau,descontinuidade,1,11,1,15,5,4
21023000,"Pós para levedar, preparados",São Tomé e Príncipe,nunca exportou,0,12,0,0,999,5
21039021,"Condimentos e temperos, compostos, em embalagens imediatas de conteúdo inferior ou igual a 1 kg",Angola,continuidade,12,0,3232502,35,7,1
21039021,"Condimentos e temperos, compostos, em embalagens imediatas de conteúdo inferior ou igual a 1 kg",Cabo Verde,continuidade,12,0,161459,35,23,2
21039021,"Condimentos e temperos, compostos, em embalagens imediatas de conteúdo inferior ou igual a 1 kg",Moçambique,intermitente,7,2,39773,20,22,3
21039021,"Condimentos e temperos, compostos, em embalagens imediatas de conteúdo inferior ou igual a 1 kg",São Tomé e Príncipe,intermitente,2,7,2639,20,77,4
21039021,"Condimentos e temperos, compostos, em embalagens imediatas de conteúdo inferior ou igual a 1 kg",Guiné-Bissau,intermitente,3,9,519,20,99,5
21039029,"Outros condimentos e temperos, compostos",Angola,intermitente,8,3,1005351,20,30,1
21039029,"Outros condimentos e temperos, compostos",Cabo Verde,intermitente,4,4,1273,20,46,2
21039029,"Outros condimentos e temperos, compostos",Moçambique,intermitente,2,8,1355,20,88,3
21039029,"Outros condimentos e temperos, compostos",Guiné-Bissau,intermitente,1,10,79,20,115,4
21039029,"Outros condimentos e temperos, compostos",São Tomé e Príncipe,nunca exportou,0,12,0,0,999,5
21041011,"Preparações para caldos e sopas, em embalagens imediatas de conteúdo inferior ou igual a 1 kg",Cabo Verde,continuidade,12,0,61841,35,28,1
21041011,"Preparações para caldos e sopas, em embalagens imediatas de conteúdo inferior ou igual a 1 kg",Moçambique,intermitente,2,4,2636,20,45,2
21041011,"Preparações para caldos e sopas, em embalagens imediatas de conteúdo inferior ou igual a 1 kg",Guiné-Bissau,intermitente,1,10,65,20,116,3
21041011,"Preparações para caldos e sopas, em embalagens imediatas de conteúdo inferior ou igual a 1 kg",Angola,descontinuidade,9,3,5166717,15,4,4
21041011,"Preparações para caldos e sopas, em embalagens imediatas de conteúdo inferior ou igual a 1 kg",São Tomé e Príncipe,nunca exportou,0,12,0,0,999,5
21041019,Outras preparações para caldos e sopas,Angola,intermitente,4,6,54742,20,66,1
21041019,Outras preparações para caldos e sopas,Cabo Verde,intermitente,1,10,2434,20,109,2
21041019,Outras preparações para caldos e sopas,Guiné-Bissau,nunca exportou,0,12,0,0,999,3
21041019,Outras preparações para caldos e sopas,Moçambique,nunca exportou,0,12,0,0,999,4
21041019,Outras preparações para caldos e sopas,São Tomé e Príncipe,nunca exportou,0,12,0,0,999,5
21069010,Outras preparações para elaboração de bebidas,Cabo Verde,continuidade,12,0,7157922,35,5,1
21069010,Outras preparações para elaboração de bebidas,Angola,continuidade,12,0,563590,35,16,2
21069010,Outras preparações para elaboração de bebidas,Moçambique,intermitente,3,4,4516,20,43,3
21069010,Outras preparações para elaboração de bebidas,São Tomé e Príncipe,intermitente,2,6,22235,20,68,4
21069010,Outras preparações para elaboração de bebidas,Guiné-Bissau,intermitente,2,7,16578,20,74,5
21069021,"Pós para a fabricação de pudins, em embalagens imediatas de conteúdo inferior ou igual a 1 kg",Angola,intermitente,10,1,48973,20,12,1
21069021,"Pós para a fabricação de pudins, em embalagens imediatas de conteúdo inferior ou igual a 1 kg",Cabo Verde,intermitente,4,3,3328,20,33,2
21069021,"Pós para a fabricação de pudins, em embalagens imediatas de conteúdo inferior ou igual a 1 kg",Moçambique,intermitente,2,8,2576,20,87,3
21069021,"Pós para a fabricação de pudins, em embalagens imediatas de conteúdo inferior ou igual a 1 kg",Guiné-Bissau,nunca exportou,0,12,0,0,999,4
21069021,"Pós para a fabricação de pudins, em embalagens imediatas de conteúdo inferior ou igual a 1 kg",São Tomé e Príncipe,nunca exportou,0,12,0,0,999,5
21069029,"Pós para preparações de cremes, sorvetes, flans, gelatinas ou preparações similares",Angola,continuidade,12,0,1143639,35,11,1
21069029,"Pós para preparações de cremes, sorvetes, flans, gelatinas ou preparações similares",Cabo Verde,continuidade,12,0,616673,35,15,2
21069029,"Pós para preparações de cremes, sorvetes, flans, gelatinas ou preparações similares",Moçambique,continuidade,12,0,176573,35,21,3
21069029,"Pós para preparações de cremes, sorvetes, flans, gelatinas ou preparações similares",Guiné-Bissau,intermitente,4,5,1400,20,59,4
21069029,"Pós para preparações de cremes, sorvetes, flans, gelatinas ou preparações similares",São Tomé e Príncipe,nunca exportou,0,12,0,0,999,5
28363000,Hidrogenocarbonato (bicarbonato) de sódio,Angola,intermitente,11,1,19350,20,15,1
28363000,Hidrogenocarbonato (bicarbonato) de sódio,Moçambique,intermitente,3,5,1487,20,58,2
28363000,Hidrogenocarbonato (bicarbonato) de sódio,São Tomé e Príncipe,intermitente,1,8,33,20,95,3
28363000,Hidrogenocarbonato (bicarbonato) de sódio,Cabo Verde,intermitente,2,9,319,20,100,4
28363000,Hidrogenocarbonato (bicarbonato) de sódio,Guiné-Bissau,intermitente,1,10,39,20,120,5
28369913,Carbonatos de amônio comercial e outros carbonatos de amônio,Angola,intermitente,1,10,174,20,112,1
28369913,Carbonatos de amônio comercial e outros carbonatos de amônio,Cabo Verde,nunca exportou,0,12,0,0,999,2
28369913,Carbonatos de amônio comercial e outros carbonatos de amônio,Guiné-Bissau,nunca exportou,0,12,0,0,999,3
28369913,Carbonatos de amônio comercial e outros carbonatos de amônio,Moçambique,nunca exportou,0,12,0,0,999,4
28369913,Carbonatos de amônio comercial e outros carbonatos de amônio,São Tomé e Príncipe,nunca exportou,0,12,0,0,999,5
35030019,Outras gelatinas e seus derivados,Angola,intermitente,4,7,4913,20,76,1
35030019,Outras gelatinas e seus derivados,Moçambique,intermitente,1,7,14,20,85,2
35030019,Outras gelatinas e seus derivados,Cabo Verde,intermitente,1,8,614,20,89,3
35030019,Outras gelatinas e seus derivados,Guiné-Bissau,nunca exportou,0,12,0,0,999,4
35030019,Outras gelatinas e seus derivados,São Tomé e Príncipe,nunca exportou,0,12,0,0,999,5
