Código NCM,Descrição NCM,País,Parecido com,Grau,Distância,Caso do parecido,Peso
17049020,"Caramelos, confeitos, dropes, pastilhas, e pr",Guiné-Bissau,Moçambique,1,1.94,continuidade,35
09041200,"Pimenta (do gênero Piper), triturada ou em pó",Moçambique,Guiné-Bissau,1,1.94,surgimento,30
07129090,Outros produtos hortícolas; misturas de produ,São Tomé e Príncipe,Guiné-Bissau,1,2.47,surgimento,30
12119090,"Outras plantas e partes, para perfumaria, med",São Tomé e Príncipe,Guiné-Bissau,1,2.47,surgimento,30
09096120,"Sementes de badiana (anis-estrelado), não tri",Cabo Verde,São Tomé e Príncipe,1,2.67,surgimento,30
07129090,Outros produtos hortícolas; misturas de produ,Cabo Verde,Guiné-Bissau,2,3.68,surgimento,30
09041100,"Pimenta (do gênero Piper), não triturada nem ",Moçambique,Guiné-Bissau,1,1.94,intermitente,20
09042200,Pimentões e pimentas dos gêneros Capsicum ou ,Moçambique,Guiné-Bissau,1,1.94,intermitente,20
09061100,Canela (Cinnamomum zeylanicum blume) e flores,Guiné-Bissau,Moçambique,1,1.94,intermitente,20
09062000,"Canela e flores de caneleira, trituradas ou e",Guiné-Bissau,Moçambique,1,1.94,intermitente,20
09092100,"Sementes de coentro, não trituradas nem em pó",Guiné-Bissau,Moçambique,1,1.94,intermitente,20
09096110,"Sementes de anis (erva-doce), não trituradas ",Guiné-Bissau,Moçambique,1,1.94,intermitente,20
09096120,"Sementes de badiana (anis-estrelado), não tri",Moçambique,Guiné-Bissau,1,1.94,intermitente,20
11029000,Farinha de outros cereais,Guiné-Bissau,Moçambique,1,1.94,intermitente,20
12040090,"Outras sementes de linho (linhaça), mesmo tri",Guiné-Bissau,Moçambique,1,1.94,intermitente,20
17019100,"Outros açúcares de cana, beterraba, com aroma",Guiné-Bissau,Moçambique,1,1.94,intermitente,20
18061000,"Cacau em pó, com adição de açúcar ou outros e",Guiné-Bissau,Moçambique,1,1.94,intermitente,20
20052000,"Batatas, preparados ou conservados, exceto em",Guiné-Bissau,Moçambique,1,1.94,intermitente,20
21021090,Outras leveduras vivas,Guiné-Bissau,Moçambique,1,1.94,intermitente,20
21069021,"Pós para a fabricação de pudins, em embalagen",Guiné-Bissau,Moçambique,1,1.94,intermitente,20
35030019,Outras gelatinas e seus derivados,Guiné-Bissau,Moçambique,1,1.94,intermitente,20
09041100,"Pimenta (do gênero Piper), não triturada nem ",São Tomé e Príncipe,Guiné-Bissau,1,2.47,intermitente,20
18050000,"Cacau em pó, sem adição de açúcar ou outros e",São Tomé e Príncipe,Guiné-Bissau,1,2.47,intermitente,20
19012090,Outras misturas e pastas para a preparação de,São Tomé e Príncipe,Guiné-Bissau,1,2.47,intermitente,20
19030000,Tapioca e seus sucedâneos preparados a partir,São Tomé e Príncipe,Guiné-Bissau,1,2.47,intermitente,20
20098990,"Sucos (sumo) de outras frutas, não fermentado",São Tomé e Príncipe,Guiné-Bissau,1,2.47,intermitente,20
21039029,"Outros condimentos e temperos, compostos",São Tomé e Príncipe,Guiné-Bissau,1,2.47,intermitente,20
21041011,"Preparações para caldos e sopas, em embalagen",São Tomé e Príncipe,Guiné-Bissau,1,2.47,intermitente,20
21069029,"Pós para preparações de cremes, sorvetes, fla",São Tomé e Príncipe,Guiné-Bissau,1,2.47,intermitente,20
09042200,Pimentões e pimentas dos gêneros Capsicum ou ,Cabo Verde,São Tomé e Príncipe,1,2.67,intermitente,20
09062000,"Canela e flores de caneleira, trituradas ou e",Cabo Verde,São Tomé e Príncipe,1,2.67,intermitente,20
09109900,Outras especiarias,Cabo Verde,São Tomé e Príncipe,1,2.67,intermitente,20
09101200,"Gengibre, triturado ou em pó",São Tomé e Príncipe,Cabo Verde,2,2.67,intermitente,20
11029000,Farinha de outros cereais,São Tomé e Príncipe,Cabo Verde,2,2.67,intermitente,20
12040090,"Outras sementes de linho (linhaça), mesmo tri",São Tomé e Príncipe,Cabo Verde,2,2.67,intermitente,20
12079990,"Outras sementes e frutos oleaginosos, mesmo t",São Tomé e Príncipe,Cabo Verde,2,2.67,intermitente,20
21021090,Outras leveduras vivas,São Tomé e Príncipe,Cabo Verde,2,2.67,intermitente,20
21041019,Outras preparações para caldos e sopas,São Tomé e Príncipe,Cabo Verde,2,2.67,intermitente,20
21069021,"Pós para a fabricação de pudins, em embalagen",São Tomé e Príncipe,Cabo Verde,2,2.67,intermitente,20
35030019,Outras gelatinas e seus derivados,São Tomé e Príncipe,Cabo Verde,2,2.67,intermitente,20
09071000,"Cravo-da-índia (frutos, flores e pedúnculos),",Moçambique,Angola,2,2.94,intermitente,20
09081100,"Noz-moscada, não triturada nem em pó",Moçambique,Angola,2,2.94,intermitente,20
09081200,"Noz-moscada, triturada ou em pó",Moçambique,Angola,2,2.94,intermitente,20
09101200,"Gengibre, triturado ou em pó",Moçambique,Angola,2,2.94,intermitente,20
09103000,Açafrão-da-terra (curcuma),Moçambique,Angola,2,2.94,intermitente,20
12079990,"Outras sementes e frutos oleaginosos, mesmo t",Moçambique,Angola,2,2.94,intermitente,20
21041019,Outras preparações para caldos e sopas,Moçambique,Angola,2,2.94,intermitente,20
28369913,Carbonatos de amônio comercial e outros carbo,Moçambique,Angola,2,2.94,intermitente,20
21023000,"Pós para levedar, preparados",São Tomé e Príncipe,Guiné-Bissau,1,2.47,descontinuidade,15
