Código NCM,Descrição NCM,País
09061100,Canela (Cinnamomum zeylanicum blume) e flores,Cabo Verde
09061100,Canela (Cinnamomum zeylanicum blume) e flores,São Tomé e Príncipe
09071000,"Cravo-da-índia (frutos, flores e pedúnculos),",Cabo Verde
09071000,"Cravo-da-índia (frutos, flores e pedúnculos),",Guiné-Bissau
09071000,"Cravo-da-índia (frutos, flores e pedúnculos),",São Tomé e Príncipe
09081100,"Noz-moscada, não triturada nem em pó",Cabo Verde
09081100,"Noz-moscada, não triturada nem em pó",Guiné-Bissau
09081100,"Noz-moscada, não triturada nem em pó",São Tomé e Príncipe
09081200,"Noz-moscada, triturada ou em pó",Cabo Verde
09081200,"Noz-moscada, triturada ou em pó",Guiné-Bissau
09081200,"Noz-moscada, triturada ou em pó",São Tomé e Príncipe
09092100,"Sementes de coentro, não trituradas nem em pó",Cabo Verde
09092100,"Sementes de coentro, não trituradas nem em pó",São Tomé e Príncipe
09101200,"Gengibre, triturado ou em pó",Guiné-Bissau
09103000,Açafrão-da-terra (curcuma),Cabo Verde
09103000,Açafrão-da-terra (curcuma),Guiné-Bissau
09103000,Açafrão-da-terra (curcuma),São Tomé e Príncipe
12079990,"Outras sementes e frutos oleaginosos, mesmo t",Guiné-Bissau
21041019,Outras preparações para caldos e sopas,Guiné-Bissau
28369913,Carbonatos de amônio comercial e outros carbo,Cabo Verde
28369913,Carbonatos de amônio comercial e outros carbo,Guiné-Bissau
28369913,Carbonatos de amônio comercial e outros carbo,São Tomé e Príncipe
